insert into Customer (CustomerID, Title, FirstName, LastName, ContactEmail, ContactNumber) values (1, 'Honorable', 'Jaye', 'Esser', 'jesser0@jugem.jp', '456');
insert into Customer (CustomerID, Title, FirstName, LastName, ContactEmail, ContactNumber) values (2, 'Rev', 'Margalo', 'Nevinson', 'mnevinson1@unblog.fr', '123');
insert into Customer (CustomerID, Title, FirstName, LastName, ContactEmail, ContactNumber) values (3, 'Mrs', 'Emelyne', 'Martynov', 'emartynov2@usda.gov', '123');
insert into Customer (CustomerID, Title, FirstName, LastName, ContactEmail, ContactNumber) values (4, 'Mrs', 'Nissie', 'Burtonshaw', 'nburtonshaw3@businessweek.com', '123');
insert into Customer (CustomerID, Title, FirstName, LastName, ContactEmail, ContactNumber) values (5, 'Mr', 'Marlee', 'Maly', 'mmaly4@4shared.com', '123');
insert into Customer (CustomerID, Title, FirstName, LastName, ContactEmail, ContactNumber) values (6, 'Ms', 'Hatty', 'Poulter', 'hpoulter5@nationalgeographic.com', '123');
insert into Customer (CustomerID, Title, FirstName, LastName, ContactEmail, ContactNumber) values (7, 'Mrs', 'Koralle', 'Bard', 'kbard6@ibm.com', '123');
insert into Customer (CustomerID, Title, FirstName, LastName, ContactEmail, ContactNumber) values (8, 'Mr', 'Brennen', 'Smallbone', 'bsmallbone7@artisteer.com', '456');
insert into Customer (CustomerID, Title, FirstName, LastName, ContactEmail, ContactNumber) values (9, 'Mrs', 'Scotti', 'Perotti', 'sperotti8@opera.com', '456');
insert into Customer (CustomerID, Title, FirstName, LastName, ContactEmail, ContactNumber) values (10, 'Mr', 'Tracie', 'Pioch', 'tpioch9@people.com.cn', '456');
insert into Customer (CustomerID, Title, FirstName, LastName, ContactEmail, ContactNumber) values (11, 'Mrs', 'Lexi', 'Stadden', 'lstaddena@nature.com', '123');
insert into Customer (CustomerID, Title, FirstName, LastName, ContactEmail, ContactNumber) values (12, 'Rev', 'Kitti', 'Rembrandt', 'krembrandtb@freewebs.com', '123');
insert into Customer (CustomerID, Title, FirstName, LastName, ContactEmail, ContactNumber) values (13, 'Mrs', 'Manolo', 'Iltchev', 'miltchevc@live.com', '456');
insert into Customer (CustomerID, Title, FirstName, LastName, ContactEmail, ContactNumber) values (14, 'Honorable', 'Darin', 'Deppe', 'ddepped@i2i.jp', '456');
insert into Customer (CustomerID, Title, FirstName, LastName, ContactEmail, ContactNumber) values (15, 'Honorable', 'Barron', 'Portchmouth', 'bportchmouthe@alibaba.com', '456');
insert into Customer (CustomerID, Title, FirstName, LastName, ContactEmail, ContactNumber) values (16, 'Honorable', 'Nicolis', 'Roffey', 'nroffeyf@google.de', '456');
insert into Customer (CustomerID, Title, FirstName, LastName, ContactEmail, ContactNumber) values (17, 'Mrs', 'Carlota', 'Sapp', 'csappg@freewebs.com', '123');
insert into Customer (CustomerID, Title, FirstName, LastName, ContactEmail, ContactNumber) values (18, 'Honorable', 'Garrick', 'Noquet', 'gnoqueth@youtu.be', '456');
insert into Customer (CustomerID, Title, FirstName, LastName, ContactEmail, ContactNumber) values (19, 'Mrs', 'Gregoire', 'Robinson', 'grobinsoni@unblog.fr', '456');
insert into Customer (CustomerID, Title, FirstName, LastName, ContactEmail, ContactNumber) values (20, 'Dr', 'Randolf', 'Landor', 'rlandorj@hhs.gov', '456');
insert into Customer (CustomerID, Title, FirstName, LastName, ContactEmail, ContactNumber) values (21, 'Mrs', 'Breanne', 'Tilzey', 'btilzeyk@ezinearticles.com', '123');
insert into Customer (CustomerID, Title, FirstName, LastName, ContactEmail, ContactNumber) values (22, 'Rev', 'Tremain', 'Fogden', 'tfogdenl@angelfire.com', '456');
insert into Customer (CustomerID, Title, FirstName, LastName, ContactEmail, ContactNumber) values (23, 'Honorable', 'Engelbert', 'Dafter', 'edafterm@thetimes.co.uk', '456');
insert into Customer (CustomerID, Title, FirstName, LastName, ContactEmail, ContactNumber) values (24, 'Rev', 'Wandis', 'Morson', 'wmorsonn@edublogs.org', '123');
insert into Customer (CustomerID, Title, FirstName, LastName, ContactEmail, ContactNumber) values (25, 'Dr', 'Wilmar', 'Kemell', 'wkemello@time.com', '456');
insert into Customer (CustomerID, Title, FirstName, LastName, ContactEmail, ContactNumber) values (26, 'Dr', 'Amargo', 'Cochet', 'acochetp@meetup.com', '123');
insert into Customer (CustomerID, Title, FirstName, LastName, ContactEmail, ContactNumber) values (27, 'Honorable', 'Aldo', 'Thomasson', 'athomassonq@sbwire.com', '456');
insert into Customer (CustomerID, Title, FirstName, LastName, ContactEmail, ContactNumber) values (28, 'Ms', 'Moira', 'O''Sheils', 'mosheilsr@usgs.gov', '123');
insert into Customer (CustomerID, Title, FirstName, LastName, ContactEmail, ContactNumber) values (29, 'Mrs', 'Evelyn', 'Bracknall', 'ebracknalls@google.pl', '123');
insert into Customer (CustomerID, Title, FirstName, LastName, ContactEmail, ContactNumber) values (30, 'Mrs', 'Ivie', 'Baytrop', 'ibaytropt@parallels.com', '123');
insert into Customer (CustomerID, Title, FirstName, LastName, ContactEmail, ContactNumber) values (31, 'Rev', 'Ham', 'Cainey', 'hcaineyu@skype.com', '456');
insert into Customer (CustomerID, Title, FirstName, LastName, ContactEmail, ContactNumber) values (32, 'Honorable', 'Indira', 'Blaycock', 'iblaycockv@upenn.edu', '123');
insert into Customer (CustomerID, Title, FirstName, LastName, ContactEmail, ContactNumber) values (33, 'Honorable', 'Boone', 'Goodright', 'bgoodrightw@squarespace.com', '456');
insert into Customer (CustomerID, Title, FirstName, LastName, ContactEmail, ContactNumber) values (34, 'Ms', 'Arty', 'Skippon', 'askipponx@wsj.com', '456');
insert into Customer (CustomerID, Title, FirstName, LastName, ContactEmail, ContactNumber) values (35, 'Honorable', 'Normand', 'Bathoe', 'nbathoey@photobucket.com', '456');
insert into Customer (CustomerID, Title, FirstName, LastName, ContactEmail, ContactNumber) values (36, 'Dr', 'Lissie', 'Arpe', 'larpez@dyndns.org', '123');
insert into Customer (CustomerID, Title, FirstName, LastName, ContactEmail, ContactNumber) values (37, 'Mr', 'Gilligan', 'Bricknell', 'gbricknell10@buzzfeed.com', '123');
insert into Customer (CustomerID, Title, FirstName, LastName, ContactEmail, ContactNumber) values (38, 'Ms', 'Cordelia', 'Fine', 'cfine11@telegraph.co.uk', '123');
insert into Customer (CustomerID, Title, FirstName, LastName, ContactEmail, ContactNumber) values (39, 'Dr', 'Lauryn', 'Davison', 'ldavison12@gmpg.org', '123');
insert into Customer (CustomerID, Title, FirstName, LastName, ContactEmail, ContactNumber) values (40, 'Rev', 'Bernard', 'Clurow', 'bclurow13@gravatar.com', '456');
insert into Customer (CustomerID, Title, FirstName, LastName, ContactEmail, ContactNumber) values (41, 'Ms', 'Carrol', 'Barnwall', 'cbarnwall14@shinystat.com', '456');
insert into Customer (CustomerID, Title, FirstName, LastName, ContactEmail, ContactNumber) values (42, 'Honorable', 'Dorthea', 'Glyne', 'dglyne15@opensource.org', '123');
insert into Customer (CustomerID, Title, FirstName, LastName, ContactEmail, ContactNumber) values (43, 'Honorable', 'Chloe', 'Starsmore', 'cstarsmore16@illinois.edu', '123');
insert into Customer (CustomerID, Title, FirstName, LastName, ContactEmail, ContactNumber) values (44, 'Honorable', 'Nara', 'Feifer', 'nfeifer17@si.edu', '123');
insert into Customer (CustomerID, Title, FirstName, LastName, ContactEmail, ContactNumber) values (45, 'Ms', 'Agna', 'Emloch', 'aemloch18@instagram.com', '123');
insert into Customer (CustomerID, Title, FirstName, LastName, ContactEmail, ContactNumber) values (46, 'Dr', 'Alaric', 'Rozzier', 'arozzier19@dailymotion.com', '456');
insert into Customer (CustomerID, Title, FirstName, LastName, ContactEmail, ContactNumber) values (47, 'Honorable', 'Malynda', 'Sleaford', 'msleaford1a@cdc.gov', '123');
insert into Customer (CustomerID, Title, FirstName, LastName, ContactEmail, ContactNumber) values (48, 'Honorable', 'Francene', 'Avison', 'favison1b@utexas.edu', '123');
insert into Customer (CustomerID, Title, FirstName, LastName, ContactEmail, ContactNumber) values (49, 'Rev', 'Luciano', 'Helversen', 'lhelversen1c@cmu.edu', '456');
insert into Customer (CustomerID, Title, FirstName, LastName, ContactEmail, ContactNumber) values (50, 'Mrs', 'Lorena', 'Ezzell', 'lezzell1d@shop-pro.jp', '123');

insert into CustomerPaymentDetails (PaymentID, CustomerID, PaymentType) values (1, 1, 'a');
insert into CustomerPaymentDetails (PaymentID, CustomerID, PaymentType) values (2, 2, 'g');
insert into CustomerPaymentDetails (PaymentID, CustomerID, PaymentType) values (3, 3, 'v');
insert into CustomerPaymentDetails (PaymentID, CustomerID, PaymentType) values (4, 4, 'q');
insert into CustomerPaymentDetails (PaymentID, CustomerID, PaymentType) values (5, 5, 's');
insert into CustomerPaymentDetails (PaymentID, CustomerID, PaymentType) values (6, 6, 'l');
insert into CustomerPaymentDetails (PaymentID, CustomerID, PaymentType) values (7, 7, 'g');
insert into CustomerPaymentDetails (PaymentID, CustomerID, PaymentType) values (8, 8, 'm');
insert into CustomerPaymentDetails (PaymentID, CustomerID, PaymentType) values (9, 9, 'v');
insert into CustomerPaymentDetails (PaymentID, CustomerID, PaymentType) values (10, 10, 'a');
insert into CustomerPaymentDetails (PaymentID, CustomerID, PaymentType) values (11, 11, 'f');
insert into CustomerPaymentDetails (PaymentID, CustomerID, PaymentType) values (12, 12, 'f');
insert into CustomerPaymentDetails (PaymentID, CustomerID, PaymentType) values (13, 13, 'u');
insert into CustomerPaymentDetails (PaymentID, CustomerID, PaymentType) values (14, 14, 'o');
insert into CustomerPaymentDetails (PaymentID, CustomerID, PaymentType) values (15, 15, 'n');
insert into CustomerPaymentDetails (PaymentID, CustomerID, PaymentType) values (16, 16, 'w');
insert into CustomerPaymentDetails (PaymentID, CustomerID, PaymentType) values (17, 17, 'w');
insert into CustomerPaymentDetails (PaymentID, CustomerID, PaymentType) values (18, 18, 'i');
insert into CustomerPaymentDetails (PaymentID, CustomerID, PaymentType) values (19, 19, 'i');
insert into CustomerPaymentDetails (PaymentID, CustomerID, PaymentType) values (20, 20, 'j');
insert into CustomerPaymentDetails (PaymentID, CustomerID, PaymentType) values (21, 21, 'u');
insert into CustomerPaymentDetails (PaymentID, CustomerID, PaymentType) values (22, 22, 'h');
insert into CustomerPaymentDetails (PaymentID, CustomerID, PaymentType) values (23, 23, 'i');
insert into CustomerPaymentDetails (PaymentID, CustomerID, PaymentType) values (24, 24, 'o');
insert into CustomerPaymentDetails (PaymentID, CustomerID, PaymentType) values (25, 25, 'q');
insert into CustomerPaymentDetails (PaymentID, CustomerID, PaymentType) values (26, 26, 'v');
insert into CustomerPaymentDetails (PaymentID, CustomerID, PaymentType) values (27, 27, 'b');
insert into CustomerPaymentDetails (PaymentID, CustomerID, PaymentType) values (28, 28, 'r');
insert into CustomerPaymentDetails (PaymentID, CustomerID, PaymentType) values (29, 29, 'v');
insert into CustomerPaymentDetails (PaymentID, CustomerID, PaymentType) values (30, 30, 'x');
insert into CustomerPaymentDetails (PaymentID, CustomerID, PaymentType) values (31, 31, 'z');
insert into CustomerPaymentDetails (PaymentID, CustomerID, PaymentType) values (32, 32, 'z');
insert into CustomerPaymentDetails (PaymentID, CustomerID, PaymentType) values (33, 33, 'e');
insert into CustomerPaymentDetails (PaymentID, CustomerID, PaymentType) values (34, 34, 'm');
insert into CustomerPaymentDetails (PaymentID, CustomerID, PaymentType) values (35, 35, 'u');
insert into CustomerPaymentDetails (PaymentID, CustomerID, PaymentType) values (36, 36, 'd');
insert into CustomerPaymentDetails (PaymentID, CustomerID, PaymentType) values (37, 37, 'f');
insert into CustomerPaymentDetails (PaymentID, CustomerID, PaymentType) values (38, 38, 'j');
insert into CustomerPaymentDetails (PaymentID, CustomerID, PaymentType) values (39, 39, 'h');
insert into CustomerPaymentDetails (PaymentID, CustomerID, PaymentType) values (40, 40, 'x');
insert into CustomerPaymentDetails (PaymentID, CustomerID, PaymentType) values (41, 41, 'l');
insert into CustomerPaymentDetails (PaymentID, CustomerID, PaymentType) values (42, 42, 'q');
insert into CustomerPaymentDetails (PaymentID, CustomerID, PaymentType) values (43, 43, 'l');
insert into CustomerPaymentDetails (PaymentID, CustomerID, PaymentType) values (44, 44, 'b');
insert into CustomerPaymentDetails (PaymentID, CustomerID, PaymentType) values (45, 45, 'b');
insert into CustomerPaymentDetails (PaymentID, CustomerID, PaymentType) values (46, 46, 'h');
insert into CustomerPaymentDetails (PaymentID, CustomerID, PaymentType) values (47, 47, 'f');
insert into CustomerPaymentDetails (PaymentID, CustomerID, PaymentType) values (48, 48, 't');
insert into CustomerPaymentDetails (PaymentID, CustomerID, PaymentType) values (49, 49, 'm');
insert into CustomerPaymentDetails (PaymentID, CustomerID, PaymentType) values (50, 50, 'w');

insert into CustomerOrder (CustomerOrderID, employeeId, PaymentID, CustomerID, BranchID, OrderDate, TotalOrderPrice) values (1, 17, 1, 1, 2, '11/27/2017', 311.18);
insert into CustomerOrder (CustomerOrderID, employeeId, PaymentID, CustomerID, BranchID, OrderDate, TotalOrderPrice) values (2, 17, 2, 2, 2, '1/7/2019', 847.72);
insert into CustomerOrder (CustomerOrderID, employeeId, PaymentID, CustomerID, BranchID, OrderDate, TotalOrderPrice) values (3, 25, 3, 3, 5, '7/10/2018', 435.10);
insert into CustomerOrder (CustomerOrderID, employeeId, PaymentID, CustomerID, BranchID, OrderDate, TotalOrderPrice) values (4, 3, 4, 4, 4, '5/1/2018', 324.79);
insert into CustomerOrder (CustomerOrderID, employeeId, PaymentID, CustomerID, BranchID, OrderDate, TotalOrderPrice) values (5, 1, 5, 5, 4, '4/29/2017', 112.49);
insert into CustomerOrder (CustomerOrderID, employeeId, PaymentID, CustomerID, BranchID, OrderDate, TotalOrderPrice) values (6, 25, 6, 6, 5, '5/9/2018', 622.92);
insert into CustomerOrder (CustomerOrderID, employeeId, PaymentID, CustomerID, BranchID, OrderDate, TotalOrderPrice) values (7, 5, 7, 7, 5, '8/27/2017', 934.92);
insert into CustomerOrder (CustomerOrderID, employeeId, PaymentID, CustomerID, BranchID, OrderDate, TotalOrderPrice) values (8, 20, 8, 8, 4, '10/23/2017', 325.22);
insert into CustomerOrder (CustomerOrderID, employeeId, PaymentID, CustomerID, BranchID, OrderDate, TotalOrderPrice) values (9, 29, 9, 9, 4, '8/23/2017', 592.37);
insert into CustomerOrder (CustomerOrderID, employeeId, PaymentID, CustomerID, BranchID, OrderDate, TotalOrderPrice) values (10, 13, 10, 10, 5, '11/12/2018', 877.30);
insert into CustomerOrder (CustomerOrderID, employeeId, PaymentID, CustomerID, BranchID, OrderDate, TotalOrderPrice) values (11, 8, 11, 11, 2, '1/18/2019', 96.21);
insert into CustomerOrder (CustomerOrderID, employeeId, PaymentID, CustomerID, BranchID, OrderDate, TotalOrderPrice) values (12, 9, 12, 12, 1, '5/2/2018', 561.91);
insert into CustomerOrder (CustomerOrderID, employeeId, PaymentID, CustomerID, BranchID, OrderDate, TotalOrderPrice) values (13, 5, 13, 13, 4, '8/26/2018', 215.73);
insert into CustomerOrder (CustomerOrderID, employeeId, PaymentID, CustomerID, BranchID, OrderDate, TotalOrderPrice) values (14, 1, 14, 14, 1, '6/21/2017', 554.45);
insert into CustomerOrder (CustomerOrderID, employeeId, PaymentID, CustomerID, BranchID, OrderDate, TotalOrderPrice) values (15, 5, 15, 15, 5, '1/30/2018', 30.31);
insert into CustomerOrder (CustomerOrderID, employeeId, PaymentID, CustomerID, BranchID, OrderDate, TotalOrderPrice) values (16, 21, 16, 16, 2, '5/5/2017', 185.97);
insert into CustomerOrder (CustomerOrderID, employeeId, PaymentID, CustomerID, BranchID, OrderDate, TotalOrderPrice) values (17, 15, 17, 17, 2, '7/29/2018', 476.21);
insert into CustomerOrder (CustomerOrderID, employeeId, PaymentID, CustomerID, BranchID, OrderDate, TotalOrderPrice) values (18, 5, 18, 18, 2, '10/14/2017', 44.71);
insert into CustomerOrder (CustomerOrderID, employeeId, PaymentID, CustomerID, BranchID, OrderDate, TotalOrderPrice) values (19, 19, 19, 19, 4, '7/26/2017', 812.34);
insert into CustomerOrder (CustomerOrderID, employeeId, PaymentID, CustomerID, BranchID, OrderDate, TotalOrderPrice) values (20, 3, 20, 20, 5, '3/16/2018', 155.47);
insert into CustomerOrder (CustomerOrderID, employeeId, PaymentID, CustomerID, BranchID, OrderDate, TotalOrderPrice) values (21, 15, 21, 21, 2, '9/18/2017', 537.10);
insert into CustomerOrder (CustomerOrderID, employeeId, PaymentID, CustomerID, BranchID, OrderDate, TotalOrderPrice) values (22, 16, 22, 22, 2, '11/9/2018', 69.99);
insert into CustomerOrder (CustomerOrderID, employeeId, PaymentID, CustomerID, BranchID, OrderDate, TotalOrderPrice) values (23, 18, 23, 23, 4, '10/25/2018', 475.54);
insert into CustomerOrder (CustomerOrderID, employeeId, PaymentID, CustomerID, BranchID, OrderDate, TotalOrderPrice) values (24, 28, 24, 24, 3, '10/8/2017', 879.98);
insert into CustomerOrder (CustomerOrderID, employeeId, PaymentID, CustomerID, BranchID, OrderDate, TotalOrderPrice) values (25, 27, 25, 25, 2, '1/15/2018', 513.05);
insert into CustomerOrder (CustomerOrderID, employeeId, PaymentID, CustomerID, BranchID, OrderDate, TotalOrderPrice) values (26, 5, 26, 26, 4, '2/16/2019', 342.24);
insert into CustomerOrder (CustomerOrderID, employeeId, PaymentID, CustomerID, BranchID, OrderDate, TotalOrderPrice) values (27, 22, 27, 27, 5, '8/10/2018', 56.23);
insert into CustomerOrder (CustomerOrderID, employeeId, PaymentID, CustomerID, BranchID, OrderDate, TotalOrderPrice) values (28, 8, 28, 28, 1, '1/29/2019', 44.40);
insert into CustomerOrder (CustomerOrderID, employeeId, PaymentID, CustomerID, BranchID, OrderDate, TotalOrderPrice) values (29, 19, 29, 29, 5, '2/20/2018', 133.21);
insert into CustomerOrder (CustomerOrderID, employeeId, PaymentID, CustomerID, BranchID, OrderDate, TotalOrderPrice) values (30, 8, 30, 30, 5, '6/13/2017', 851.65);
insert into CustomerOrder (CustomerOrderID, employeeId, PaymentID, CustomerID, BranchID, OrderDate, TotalOrderPrice) values (31, 23, 31, 31, 3, '9/14/2018', 472.39);
insert into CustomerOrder (CustomerOrderID, employeeId, PaymentID, CustomerID, BranchID, OrderDate, TotalOrderPrice) values (32, 11, 32, 32, 1, '5/28/2017', 513.69);
insert into CustomerOrder (CustomerOrderID, employeeId, PaymentID, CustomerID, BranchID, OrderDate, TotalOrderPrice) values (33, 22, 33, 33, 1, '7/15/2018', 483.23);
insert into CustomerOrder (CustomerOrderID, employeeId, PaymentID, CustomerID, BranchID, OrderDate, TotalOrderPrice) values (34, 27, 34, 34, 4, '2/3/2019', 589.10);
insert into CustomerOrder (CustomerOrderID, employeeId, PaymentID, CustomerID, BranchID, OrderDate, TotalOrderPrice) values (35, 29, 35, 35, 4, '8/2/2018', 908.15);
insert into CustomerOrder (CustomerOrderID, employeeId, PaymentID, CustomerID, BranchID, OrderDate, TotalOrderPrice) values (36, 24, 36, 36, 4, '4/10/2018', 96.27);
insert into CustomerOrder (CustomerOrderID, employeeId, PaymentID, CustomerID, BranchID, OrderDate, TotalOrderPrice) values (37, 24, 37, 37, 2, '2/8/2018', 268.82);
insert into CustomerOrder (CustomerOrderID, employeeId, PaymentID, CustomerID, BranchID, OrderDate, TotalOrderPrice) values (38, 19, 38, 38, 1, '12/29/2017', 781.28);
insert into CustomerOrder (CustomerOrderID, employeeId, PaymentID, CustomerID, BranchID, OrderDate, TotalOrderPrice) values (39, 10, 39, 39, 4, '6/12/2017', 514.48);
insert into CustomerOrder (CustomerOrderID, employeeId, PaymentID, CustomerID, BranchID, OrderDate, TotalOrderPrice) values (40, 20, 40, 40, 5, '1/25/2019', 968.29);
insert into CustomerOrder (CustomerOrderID, employeeId, PaymentID, CustomerID, BranchID, OrderDate, TotalOrderPrice) values (41, 22, 41, 41, 3, '1/21/2019', 713.41);
insert into CustomerOrder (CustomerOrderID, employeeId, PaymentID, CustomerID, BranchID, OrderDate, TotalOrderPrice) values (42, 6, 42, 42, 5, '9/13/2018', 168.55);
insert into CustomerOrder (CustomerOrderID, employeeId, PaymentID, CustomerID, BranchID, OrderDate, TotalOrderPrice) values (43, 6, 43, 43, 2, '7/8/2018', 504.91);
insert into CustomerOrder (CustomerOrderID, employeeId, PaymentID, CustomerID, BranchID, OrderDate, TotalOrderPrice) values (44, 16, 44, 44, 1, '7/13/2017', 551.64);
insert into CustomerOrder (CustomerOrderID, employeeId, PaymentID, CustomerID, BranchID, OrderDate, TotalOrderPrice) values (45, 27, 45, 45, 2, '8/3/2018', 645.64);
insert into CustomerOrder (CustomerOrderID, employeeId, PaymentID, CustomerID, BranchID, OrderDate, TotalOrderPrice) values (46, 21, 46, 46, 5, '10/20/2017', 212.65);
insert into CustomerOrder (CustomerOrderID, employeeId, PaymentID, CustomerID, BranchID, OrderDate, TotalOrderPrice) values (47, 4, 47, 47, 3, '10/9/2018', 615.99);
insert into CustomerOrder (CustomerOrderID, employeeId, PaymentID, CustomerID, BranchID, OrderDate, TotalOrderPrice) values (48, 6, 48, 48, 3, '12/28/2018', 994.95);
insert into CustomerOrder (CustomerOrderID, employeeId, PaymentID, CustomerID, BranchID, OrderDate, TotalOrderPrice) values (49, 27, 49, 49, 3, '1/26/2019', 831.72);
insert into CustomerOrder (CustomerOrderID, employeeId, PaymentID, CustomerID, BranchID, OrderDate, TotalOrderPrice) values (50, 14, 50, 50, 3, '11/26/2018', 303.07);