INSERT INTO Customer(CustomerID, Title, FirstName, LastName, ContactEmail, ContactNumber) VALUES
(1, 'Mr', 'Jaye', 'Esser', 'jesser0@jugem.jp', '456'),
(2, 'Rev', 'Margalo', 'Nevinson', 'mnevinson1@unblog.fr', '123'),
(3, 'Mrs', 'Emelyne', 'Martynov', 'emartynov2@usda.gov', '123'),
(4, 'Mrs', 'Nissie', 'Burtonshaw', 'nburtonshaw3@businessweek.com', '123'),
(5, 'Mr', 'Marlee', 'Maly', 'mmaly4@4shared.com', '123'),
(6, 'Ms', 'Hatty', 'Poulter', 'hpoulter5@nationalgeographic.com', '123'),
(7, 'Mrs', 'Koralle', 'Bard', 'kbard6@ibm.com', '123'),
(8, 'Mr', 'Brennen', 'Smallbone', 'bsmallbone7@artisteer.com', '456'),
(9, 'Mrs', 'Scotti', 'Perotti', 'sperotti8@opera.com', '456'),
(10, 'Mr', 'Tracie', 'Pioch', 'tpioch9@people.com.cn', '456'),
(11, 'Mrs', 'Lexi', 'Stadden', 'lstaddena@nature.com', '123'),
(12, 'Rev', 'Kitti', 'Rembrandt', 'krembrandtb@freewebs.com', '123'),
(13, 'Mrs', 'Manolo', 'Iltchev', 'miltchevc@live.com', '456'),
(14, 'Mr', 'Darin', 'Deppe', 'ddepped@i2i.jp', '456'),
(15, 'Mr', 'Barron', 'Portchmouth', 'bportchmouthe@alibaba.com', '456'),
(16, 'Mr', 'Nicolis', 'Roffey', 'nroffeyf@google.de', '456'),
(17, 'Mrs', 'Carlota', 'Sapp', 'csappg@freewebs.com', '123'),
(18, 'Mr', 'Garrick', 'Noquet', 'gnoqueth@youtu.be', '456'),
(19, 'Mrs', 'Gregoire', 'Robinson', 'grobinsoni@unblog.fr', '456'),
(20, 'Dr', 'Randolf', 'Landor', 'rlandorj@hhs.gov', '456'),
(21, 'Mrs', 'Breanne', 'Tilzey', 'btilzeyk@ezinearticles.com', '123'),
(22, 'Rev', 'Tremain', 'Fogden', 'tfogdenl@angelfire.com', '456'),
(23, 'Mr', 'Engelbert', 'Dafter', 'edafterm@thetimes.co.uk', '456'),
(24, 'Rev', 'Wandis', 'Morson', 'wmorsonn@edublogs.org', '123'),
(25, 'Dr', 'Wilmar', 'Kemell', 'wkemello@time.com', '456'),
(26, 'Dr', 'Amargo', 'Cochet', 'acochetp@meetup.com', '123'),
(27, 'Mr', 'Aldo', 'Thomasson', 'athomassonq@sbwire.com', '456'),
(28, 'Ms', 'Moira', 'O''Sheils', 'mosheilsr@usgs.gov', '123'),
(29, 'Mrs', 'Evelyn', 'Bracknall', 'ebracknalls@google.pl', '123'),
(30, 'Mrs', 'Ivie', 'Baytrop', 'ibaytropt@parallels.com', '123'),
(31, 'Rev', 'Ham', 'Cainey', 'hcaineyu@skype.com', '456'),
(32, 'Mr', 'Indira', 'Blaycock', 'iblaycockv@upenn.edu', '123'),
(33, 'Mr', 'Boone', 'Goodright', 'bgoodrightw@squarespace.com', '456'),
(34, 'Ms', 'Arty', 'Skippon', 'askipponx@wsj.com', '456'),
(35, 'Mr', 'Normand', 'Bathoe', 'nbathoey@photobucket.com', '456'),
(36, 'Dr', 'Lissie', 'Arpe', 'larpez@dyndns.org', '123'),
(37, 'Mr', 'Gilligan', 'Bricknell', 'gbricknell10@buzzfeed.com', '123'),
(38, 'Ms', 'Cordelia', 'Fine', 'cfine11@telegraph.co.uk', '123'),
(39, 'Dr', 'Lauryn', 'Davison', 'ldavison12@gmpg.org', '123'),
(40, 'Rev', 'Bernard', 'Clurow', 'bclurow13@gravatar.com', '456'),
(41, 'Ms', 'Carrol', 'Barnwall', 'cbarnwall14@shinystat.com', '456'),
(42, 'Mr', 'Dorthea', 'Glyne', 'dglyne15@opensource.org', '123'),
(43, 'Mr', 'Chloe', 'Starsmore', 'cstarsmore16@illinois.edu', '123'),
(44, 'Mr', 'Nara', 'Feifer', 'nfeifer17@si.edu', '123'),
(45, 'Ms', 'Agna', 'Emloch', 'aemloch18@instagram.com', '123'),
(46, 'Dr', 'Alaric', 'Rozzier', 'arozzier19@dailymotion.com', '456'),
(47, 'Mr', 'Malynda', 'Sleaford', 'msleaford1a@cdc.gov', '123'),
(48, 'Mr', 'Francene', 'Avison', 'favison1b@utexas.edu', '123'),
(49, 'Rev', 'Luciano', 'Helversen', 'lhelversen1c@cmu.edu', '456'),
(50, 'Mrs', 'Lorena', 'Ezzell', 'lezzell1d@shop-pro.jp', '123');

INSERT INTO CustomerPaymentDetails(PaymentID, CustomerID, PaymentType) VALUES
(1, 1, 'a'),
(2, 2, 'g'),
(3, 3, 'v'),
(4, 4, 'q'),
(5, 5, 's'),
(6, 6, 'l'),
(7, 7, 'g'),
(8, 8, 'm'),
(9, 9, 'v'),
(10, 10, 'a'),
(11, 11, 'f'),
(12, 12, 'f'),
(13, 13, 'u'),
(14, 14, 'o'),
(15, 15, 'n'),
(16, 16, 'w'),
(17, 17, 'w'),
(18, 18, 'i'),
(19, 19, 'i'),
(20, 20, 'j'),
(21, 21, 'u'),
(22, 22, 'h'),
(23, 23, 'i'),
(24, 24, 'o'),
(25, 25, 'q'),
(26, 26, 'v'),
(27, 27, 'b'),
(28, 28, 'r'),
(29, 29, 'v'),
(30, 30, 'x'),
(31, 31, 'z'),
(32, 32, 'z'),
(33, 33, 'e'),
(34, 34, 'm'),
(35, 35, 'u'),
(36, 36, 'd'),
(37, 37, 'f'),
(38, 38, 'j'),
(39, 39, 'h'),
(40, 40, 'x'),
(41, 41, 'l'),
(42, 42, 'q'),
(43, 43, 'l'),
(44, 44, 'b'),
(45, 45, 'b'),
(46, 46, 'h'),
(47, 47, 'f'),
(48, 48, 't'),
(49, 49, 'm'),
(50, 50, 'w');

INSERT INTO CustomerOrder(CustomerOrderID, employeeId, PaymentID, CustomerID, BranchID, OrderDate, TotalOrderPrice) VALUES
(1, 19, 5, 42, 5, '2018-05-04', 8909.06),
(2, 26, 48, 21, 3, '2018-10-19', 1434.82),
(3, 2, 37, 4, 4, '2018-08-08', 9073.53),
(4, 23, 43, 28, 2, '2019-03-12', 1236.36),
(5, 20, 21, 12, 2, '2018-11-28', 5.73),
(6, 24, 37, 1, 2, '2019-01-13', 8075.56),
(7, 18, 40, 37, 3, '2018-11-24', 1477.61),
(8, 27, 1, 3, 2, '2018-10-18', 5775.60),
(9, 25, 25, 20, 3, '2018-10-08', 4608.75),
(10, 13, 19, 49, 2, '2018-05-29', 8046.02),
(11, 28, 12, 34, 2, '2018-04-28', 2436.70),
(12, 21, 23, 7, 2, '2018-07-20', 3826.94),
(13, 1, 18, 21, 4, '2018-08-02', 4917.99),
(14, 24, 45, 32, 3, '2018-04-21', 6262.70),
(15, 5, 2, 20, 3, '2018-07-03', 7374.76),
(16, 13, 21, 13, 4, '2018-07-22', 1412.33),
(17, 22, 31, 38, 5, '2018-07-01', 3391.49),
(18, 18, 10, 23, 2, '2019-02-05', 9202.48),
(19, 30, 3, 30, 4, '2018-12-10', 9876.84),
(20, 1, 26, 34, 1, '2018-09-11', 6512.58),
(21, 6, 39, 33, 4, '2018-04-20', 1063.80),
(22, 29, 11, 48, 4, '2018-08-25', 3610.34),
(23, 25, 11, 38, 5, '2018-12-25', 1910.34),
(24, 13, 42, 12, 4, '2018-11-06', 8845.01),
(25, 21, 46, 21, 3, '2018-09-29', 5617.40),
(26, 14, 34, 48, 3, '2018-09-12', 1225.03),
(27, 18, 4, 19, 3, '2018-12-12', 2845.53),
(28, 30, 26, 8, 3, '2018-08-02', 243.95),
(29, 1, 38, 8, 4, '2019-03-23', 2249.31),
(30, 4, 41, 19, 2, '2018-12-19', 1573.64),
(31, 28, 15, 43, 1, '2019-02-17', 1430.63),
(32, 3, 40, 42, 5, '2018-05-03', 3963.63),
(33, 10, 11, 6, 4, '2018-09-14', 4941.28),
(34, 3, 49, 28, 4, '2018-06-05', 8362.66),
(35, 30, 41, 5, 3, '2018-07-22', 6652.65),
(36, 6, 48, 28, 1, '2018-05-01', 9037.93),
(37, 30, 23, 45, 1, '2018-05-23', 2486.50),
(38, 7, 27, 2, 5, '2018-07-31', 1189.49),
(39, 10, 50, 1, 4, '2018-09-08', 3275.97),
(40, 16, 39, 23, 4, '2018-06-27', 3188.25),
(41, 13, 49, 18, 2, '2018-07-22', 2149.45),
(42, 2, 48, 28, 5, '2019-01-27', 7106.17),
(43, 15, 1, 21, 1, '2019-03-10', 8356.45),
(44, 21, 14, 32, 1, '2018-09-14', 4050.70),
(45, 22, 42, 16, 5, '2018-06-08', 5283.19),
(46, 1, 12, 13, 3, '2019-02-01', 9569.83),
(47, 30, 49, 46, 5, '2018-07-12', 2294.11),
(48, 11, 24, 10, 5, '2018-12-02', 9711.65),
(49, 24, 28, 4, 3, '2018-11-14', 6900.91),
(50, 15, 30, 39, 4, '2019-02-14', 5307.54);

INSERT INTO CustomerOrderItem(StockID, CustomerOrderID, Quantity) VALUES
(1, 1, 13),
(2, 2, 19),
(3, 3, 11),
(4, 4, 2),
(5, 5, 2),
(6, 6, 9),
(7, 7, 13),
(8, 8, 1),
(9, 9, 7),
(10, 10, 20),
(11, 11, 12),
(12, 12, 7),
(13, 13, 1),
(14, 14, 12),
(15, 15, 1),
(16, 16, 19),
(17, 17, 15),
(18, 18, 18),
(19, 19, 16),
(20, 20, 16),
(21, 21, 18),
(22, 22, 17),
(23, 23, 11),
(24, 24, 11),
(25, 25, 5),
(26, 26, 4),
(27, 27, 6),
(28, 28, 7),
(29, 29, 3),
(30, 30, 6),
(31, 31, 7),
(32, 32, 9),
(33, 33, 6),
(34, 34, 5),
(35, 35, 20),
(36, 36, 17),
(37, 37, 15),
(38, 38, 8),
(39, 39, 4),
(40, 40, 18),
(41, 41, 13),
(42, 42, 4),
(43, 43, 12),
(44, 44, 1),
(45, 45, 19),
(46, 46, 12),
(47, 47, 6),
(48, 48, 20),
(49, 49, 10),
(50, 50, 1);

INSERT INTO SupplierOrder(SupplierOrderID, SupplierID, BranchID, OrderDate, TotalOrderPrice) VALUES 
(1, 26, 1, '2018-06-05', 5582.18),
(2, 20, 3, '2018-11-06', 8811.34),
(3, 24, 4, '2019-01-16', 1043.23),
(4, 2, 5, '2018-11-04', 3670.61),
(5, 7, 2, '2018-12-04', 8607.71),
(6, 5, 1, '2018-08-15', 2250.8),
(7, 25, 1, '2019-03-06', 9810.62),
(8, 12, 4, '2018-10-08', 1230.81),
(9, 34, 5, '2018-12-22', 9272.13),
(10, 9, 2, '2018-11-28', 2337.83),
(11, 17, 1, '2018-12-13', 9796.75),
(12, 8, 5, '2018-06-22', 9508.03),
(13, 11, 4, '2018-05-26', 111.43),
(14, 5, 3, '2019-03-19', 4811.32),
(15, 9, 5, '2018-07-21', 1587.02),
(16, 6, 2, '2018-05-08', 1559.1),
(17, 17, 2, '2019-02-15', 8363.88),
(18, 13, 4, '2018-10-07', 4984.2),
(19, 26, 4, '2018-12-29', 2284.87),
(20, 6, 2, '2018-11-28', 7237.23),
(21, 20, 2, '2018-08-08', 3619.84),
(22, 18, 1, '2018-11-16', 1627.08),
(23, 5, 2, '2018-08-05', 5802.52),
(24, 20, 1, '2018-04-11', 5835.63),
(25, 1, 5, '2018-12-13', 4786.44),
(26, 7, 1, '2018-04-10', 6952.58),
(27, 26, 1, '2018-09-21', 8602.95),
(28, 3, 3, '2018-09-21', 1382.85),
(29, 27, 4, '2018-05-17', 9711.7),
(30, 12, 4, '2018-08-04', 492.0),
(31, 28, 1, '2018-08-27', 3249.14),
(32, 30, 1, '2018-08-20', 3121.56),
(33, 30, 3, '2018-12-21', 5078.76),
(34, 23, 5, '2018-06-12', 8582.03),
(35, 16, 4, '2018-07-31', 8899.53),
(36, 18, 3, '2018-09-20', 6490.48),
(37, 13, 2, '2018-07-21', 8625.04),
(38, 22, 3, '2018-07-17', 9470.71),
(39, 4, 5, '2019-02-14', 7802.82),
(40, 21, 2, '2018-06-09', 5293.79),
(41, 4, 5, '2018-09-26', 6816.22),
(42, 4, 3, '2018-04-25', 9826.16),
(43, 6, 4, '2018-11-04', 8790.33),
(44, 6, 5, '2018-06-06', 4815.51),
(45, 28, 5, '2019-01-12', 3556.6),
(46, 6, 2, '2018-05-02', 8736.29),
(47, 20, 1, '2018-09-21', 6766.0),
(48, 6, 1, '2018-07-10', 9905.55),
(49, 24, 3, '2018-07-07', 2394.05),
(50, 15, 3, '2019-01-08', 4336.55);

INSERT INTO Supplier(SupplierID, Name, ContactEmail, ContactTelephone) VALUES
(1, 'Dablist', 'kdono0@weebly.com', 84251185655),
(2, 'Tagopia', 'tsedger1@stumbleupon.com', 19956738377),
(3, 'Babbleblab', 'cortiger2@imageshack.us', 59736779605),
(4, 'Vipe', 'lcussen3@ucoz.ru', 59651781302),
(5, 'Devshare', 'eharcarse4@google.cn', 34778464276),
(6, 'Skinix', 'dmoss5@indiatimes.com', 30888215514),
(7, 'Teklist', 'ldowsett6@dmoz.org', 68539894136),
(8, 'Zoomzone', 'eminnis7@tuttocitta.it', 86840839318),
(9, 'Latz', 'rsheerman8@amazon.com', 76049843948),
(10, 'Yabox', 'arossander9@chron.com', 10966425294),
(11, 'Jatri', 'msoulsbya@prnewswire.com', 26264645489),
(12, 'Eamia', 'hgoneyb@myspace.com', 75394577200),
(13, 'Trudoo', 'rwillougheyc@spiegel.de', 41027785260),
(14, 'Vidoo', 'dpinord@amazon.co.jp', 23552011488),
(15, 'Omba', 'aabramse@dropbox.com', 70269098526),
(16, 'Jaxworks', 'dboulstridgef@freewebs.com', 66270964027),
(17, 'Zoozzy', 'pkiltieg@illinois.edu', 44517406946),
(18, 'Realfire', 'jepdellh@illinois.edu', 81775150902),
(19, 'Voomm', 'sspritti@freewebs.com', 49863666679),
(20, 'Gigashots', 'dlabromj@microsoft.com', 53686909953),
(21, 'Fatz', 'acasbournek@plala.or.jp', 18426270837),
(22, 'Fivespan', 'ageaneyl@lycos.com', 14908789697),
(23, 'Flipopia', 'sschimannm@cbsnews.com', 40488010636),
(24, 'Lazz', 'ystrobandn@princeton.edu', 30291637787),
(25, 'Edgeclub', 'bnevino@engadget.com', 61058512833),
(26, 'Realblab', 'ehanscomep@gmpg.org', 59240313375),
(27, 'Quimba', 'vbeardq@tinypic.com', 17695947247),
(28, 'Minyx', 'wenrightr@usa.gov', 36624383083),
(29, 'Plajo', 'tchallinors@simplemachines.org', 42187764052),
(30, 'Feedspan', 'amingottit@geocities.jp', 34139518891),
(31, 'Demivee', 'cflippiniu@oaic.gov.au', 27397775444),
(32, 'Babbleopia', 'rclaesensv@yelp.com', 86108591380),
(33, 'Aivee', 'jizattw@ed.gov', 81231036943),
(34, 'Browsetype', 'cbamlingx@pcworld.com', 56299322239),
(35, 'Riffpath', 'vashlingy@typepad.com', 63618909441);

INSERT INTO SupplierOrderItem(StockID, SupplierOrderID, Quantity) VALUES
(1, 14, 9),
(2, 10, 9),
(3, 17, 1),
(4, 2, 7),
(5, 20, 11),
(6, 34, 1),
(7, 4, 5),
(8, 14, 14),
(9, 50, 18),
(10, 33, 19),
(11, 29, 1),
(12, 43, 8),
(13, 42, 18),
(14, 15, 3),
(15, 18, 7),
(16, 44, 3),
(17, 16, 13),
(18, 38, 19),
(19, 34, 1),
(20, 36, 12),
(21, 50, 12),
(22, 15, 9),
(23, 14, 13),
(24, 14, 20),
(25, 5, 15),
(26, 46, 14),
(27, 23, 17),
(28, 32, 8),
(29, 16, 3),
(30, 14, 4),
(31, 40, 9),
(32, 2, 9),
(33, 22, 18),
(34, 34, 7),
(35, 8, 16),
(36, 43, 12),
(37, 17, 14),
(38, 23, 5),
(39, 9, 11),
(40, 42, 11),
(41, 19, 8),
(42, 6, 8),
(43, 34, 2),
(44, 37, 10),
(45, 19, 10),
(46, 33, 16),
(47, 40, 6),
(48, 2, 16),
(49, 27, 14),
(50, 49, 11);

INSERT INTO Employee(EmployeeID, BranchID, Name) VALUES
(1, 1, 'Kippy Bligh'),
(2, 3, 'Trudie Readhead'),
(3, 3, 'Skyler Tuckley'),
(4, 2, 'Isobel Poskitt'),
(5, 2, 'Nadya Banfield'),
(6, 3, 'Gale Portlock'),
(7, 4, 'Ethelbert Titta'),
(8, 3, 'Maggy Cathery'),
(9, 3, 'Ethelda Timbs'),
(10, 2, 'Lem Deegan'),
(11, 4, 'Garrik Mosten'),
(12, 4, 'Cliff Bowmer'),
(13, 1, 'Laughton Castelletto'),
(14, 3, 'Matteo Holston'),
(15, 1, 'Tonya Grube'),
(16, 3, 'Kass Roches'),
(17, 2, 'Sharyl Constantinou'),
(18, 5, 'Emyle Currom'),
(19, 2, 'Niki Berndsen'),
(20, 2, 'Gus Sondland'),
(21, 1, 'Melisande Lovitt'),
(22, 5, 'Tammie Growy'),
(23, 5, 'Mercie Bemrose'),
(24, 1, 'Buffy Gumary'),
(25, 2, 'Astra Jankowski'),
(26, 3, 'Ibby Huthart'),
(27, 4, 'Flory Kerner'),
(28, 4, 'Ole Diglin'),
(29, 5, 'Idell Slatten'),
(30, 1, 'Bosabelle Dankersley');

INSERT INTO Branch(BranchID, AddressLineOne, AddressLineTwo, Postcode) VALUES
(1, '1 baron road', 'london', 'sk1 2hd'),
(2, '2 drew road', 'york', 'sk1 3pj'),
(3, '3 ben avenue', 'cardiff', 'sk7 4pd'),
(4, '4 tom close', 'manchester', 'sk4 2lm'),
(5, '5 morgan court', 'newcastle', 'wa15 5bd');

INSERT INTO StockItem(StockID, SupplierID, Price, Name, Quantity) VALUES
(1, 20, 2486.60, 'Flowdesk', 17),
(2, 18, 2442.43, 'Zamit', 11),
(3, 14, 1620.16, 'Zontrax', 9),
(4, 20, 2080.72, 'Tresom', 4),
(5, 15, 213.33, 'Zamit', 19),
(6, 13, 1503.23, 'Sub-Ex', 11),
(7, 29, 1724.78, 'Pannier', 9),
(8, 26, 529.90, 'Sonsing', 19),
(9, 11, 2141.13, 'Konklux', 8),
(10, 4, 510.60, 'Toughjoyfax', 11),
(11, 8, 2048.68, 'Pannier', 11),
(12, 12, 1447.14, 'Alphazap', 10),
(13, 3, 1947.49, 'Stim', 2),
(14, 31, 1211.88, 'Holdlamis', 2),
(15, 4, 1794.33, 'Konklab', 12),
(16, 28, 809.05, 'Rank', 8),
(17, 5, 2369.28, 'Konklab', 15),
(18, 26, 407.23, 'Transcof', 20),
(19, 29, 658.80, 'Subin', 19),
(20, 30, 1017.70, 'Solarbreeze', 12),
(21, 9, 1346.27, 'Lotstring', 1),
(22, 10, 1716.90, 'Holdlamis', 16),
(23, 26, 1918.16, 'Pannier', 19),
(24, 33, 1479.55, 'Flowdesk', 9),
(25, 14, 1614.75, 'Andalax', 16),
(26, 11, 1798.11, 'Cardguard', 11),
(27, 3, 1357.69, 'Greenlam', 15),
(28, 24, 2029.60, 'Alpha', 14),
(29, 34, 454.87, 'Alpha', 3),
(30, 2, 1565.30, 'Prodder', 12),
(31, 17, 488.92, 'Domainer', 1),
(32, 8, 673.39, 'Andalax', 17),
(33, 28, 1990.72, 'Viva', 3),
(34, 34, 1878.34, 'Tin', 1),
(35, 12, 45.24, 'Hatity', 10),
(36, 29, 2200.99, 'Zamit', 5),
(37, 5, 1702.15, 'Tresom', 8),
(38, 8, 1666.23, 'Y-find', 13),
(39, 35, 1696.09, 'Stringtough', 9),
(40, 16, 55.10, 'Span', 2),
(41, 6, 40.79, 'Cardify', 17),
(42, 5, 1197.90, 'Konklux', 13),
(43, 17, 1200.71, 'Biodex', 10),
(44, 13, 937.52, 'Y-find', 11),
(45, 26, 2019.14, 'Voyatouch', 13),
(46, 20, 2429.10, 'Trippledex', 12),
(47, 17, 2151.47, 'Andalax', 6),
(48, 27, 1791.97, 'Duobam', 20),
(49, 26, 130.79, 'Transcof', 7),
(50, 25, 1455.28, 'Bamity', 7);

INSERT INTO BranchStockItem(BranchID, StockID) VALUES 
(4, 17),
(5, 43),
(2, 32),
(5, 48),
(2, 27),
(5, 11),
(3, 22),
(1, 43),
(3, 5),
(1, 45),
(5, 15),
(2, 44),
(5, 35),
(1, 50),
(3, 24),
(4, 40),
(1, 38),
(4, 19),
(4, 26),
(3, 7),
(5, 20),
(5, 7),
(5, 29),
(5, 25),
(4, 42),
(5, 22),
(4, 39),
(1, 3),
(5, 23),
(1, 34),
(3, 18),
(3, 34),
(1, 5),
(1, 31),
(5, 47),
(5, 36),
(4, 3),
(4, 5),
(3, 21),
(5, 4),
(2, 39),
(5, 40),
(3, 49);
