insert into Customer (CustomerID, Title, FirstName, LastName, ContactEmail, ContactNumber) values (1, 'Honorable', 'Jaye', 'Esser', 'jesser0@jugem.jp', '456');
insert into Customer (CustomerID, Title, FirstName, LastName, ContactEmail, ContactNumber) values (2, 'Rev', 'Margalo', 'Nevinson', 'mnevinson1@unblog.fr', '123');
insert into Customer (CustomerID, Title, FirstName, LastName, ContactEmail, ContactNumber) values (3, 'Mrs', 'Emelyne', 'Martynov', 'emartynov2@usda.gov', '123');
insert into Customer (CustomerID, Title, FirstName, LastName, ContactEmail, ContactNumber) values (4, 'Mrs', 'Nissie', 'Burtonshaw', 'nburtonshaw3@businessweek.com', '123');
insert into Customer (CustomerID, Title, FirstName, LastName, ContactEmail, ContactNumber) values (5, 'Mr', 'Marlee', 'Maly', 'mmaly4@4shared.com', '123');
insert into Customer (CustomerID, Title, FirstName, LastName, ContactEmail, ContactNumber) values (6, 'Ms', 'Hatty', 'Poulter', 'hpoulter5@nationalgeographic.com', '123');
insert into Customer (CustomerID, Title, FirstName, LastName, ContactEmail, ContactNumber) values (7, 'Mrs', 'Koralle', 'Bard', 'kbard6@ibm.com', '123');
insert into Customer (CustomerID, Title, FirstName, LastName, ContactEmail, ContactNumber) values (8, 'Mr', 'Brennen', 'Smallbone', 'bsmallbone7@artisteer.com', '456');
insert into Customer (CustomerID, Title, FirstName, LastName, ContactEmail, ContactNumber) values (9, 'Mrs', 'Scotti', 'Perotti', 'sperotti8@opera.com', '456');
insert into Customer (CustomerID, Title, FirstName, LastName, ContactEmail, ContactNumber) values (10, 'Mr', 'Tracie', 'Pioch', 'tpioch9@people.com.cn', '456');
insert into Customer (CustomerID, Title, FirstName, LastName, ContactEmail, ContactNumber) values (11, 'Mrs', 'Lexi', 'Stadden', 'lstaddena@nature.com', '123');
insert into Customer (CustomerID, Title, FirstName, LastName, ContactEmail, ContactNumber) values (12, 'Rev', 'Kitti', 'Rembrandt', 'krembrandtb@freewebs.com', '123');
insert into Customer (CustomerID, Title, FirstName, LastName, ContactEmail, ContactNumber) values (13, 'Mrs', 'Manolo', 'Iltchev', 'miltchevc@live.com', '456');
insert into Customer (CustomerID, Title, FirstName, LastName, ContactEmail, ContactNumber) values (14, 'Honorable', 'Darin', 'Deppe', 'ddepped@i2i.jp', '456');
insert into Customer (CustomerID, Title, FirstName, LastName, ContactEmail, ContactNumber) values (15, 'Honorable', 'Barron', 'Portchmouth', 'bportchmouthe@alibaba.com', '456');
insert into Customer (CustomerID, Title, FirstName, LastName, ContactEmail, ContactNumber) values (16, 'Honorable', 'Nicolis', 'Roffey', 'nroffeyf@google.de', '456');
insert into Customer (CustomerID, Title, FirstName, LastName, ContactEmail, ContactNumber) values (17, 'Mrs', 'Carlota', 'Sapp', 'csappg@freewebs.com', '123');
insert into Customer (CustomerID, Title, FirstName, LastName, ContactEmail, ContactNumber) values (18, 'Honorable', 'Garrick', 'Noquet', 'gnoqueth@youtu.be', '456');
insert into Customer (CustomerID, Title, FirstName, LastName, ContactEmail, ContactNumber) values (19, 'Mrs', 'Gregoire', 'Robinson', 'grobinsoni@unblog.fr', '456');
insert into Customer (CustomerID, Title, FirstName, LastName, ContactEmail, ContactNumber) values (20, 'Dr', 'Randolf', 'Landor', 'rlandorj@hhs.gov', '456');
insert into Customer (CustomerID, Title, FirstName, LastName, ContactEmail, ContactNumber) values (21, 'Mrs', 'Breanne', 'Tilzey', 'btilzeyk@ezinearticles.com', '123');
insert into Customer (CustomerID, Title, FirstName, LastName, ContactEmail, ContactNumber) values (22, 'Rev', 'Tremain', 'Fogden', 'tfogdenl@angelfire.com', '456');
insert into Customer (CustomerID, Title, FirstName, LastName, ContactEmail, ContactNumber) values (23, 'Honorable', 'Engelbert', 'Dafter', 'edafterm@thetimes.co.uk', '456');
insert into Customer (CustomerID, Title, FirstName, LastName, ContactEmail, ContactNumber) values (24, 'Rev', 'Wandis', 'Morson', 'wmorsonn@edublogs.org', '123');
insert into Customer (CustomerID, Title, FirstName, LastName, ContactEmail, ContactNumber) values (25, 'Dr', 'Wilmar', 'Kemell', 'wkemello@time.com', '456');
insert into Customer (CustomerID, Title, FirstName, LastName, ContactEmail, ContactNumber) values (26, 'Dr', 'Amargo', 'Cochet', 'acochetp@meetup.com', '123');
insert into Customer (CustomerID, Title, FirstName, LastName, ContactEmail, ContactNumber) values (27, 'Honorable', 'Aldo', 'Thomasson', 'athomassonq@sbwire.com', '456');
insert into Customer (CustomerID, Title, FirstName, LastName, ContactEmail, ContactNumber) values (28, 'Ms', 'Moira', 'O''Sheils', 'mosheilsr@usgs.gov', '123');
insert into Customer (CustomerID, Title, FirstName, LastName, ContactEmail, ContactNumber) values (29, 'Mrs', 'Evelyn', 'Bracknall', 'ebracknalls@google.pl', '123');
insert into Customer (CustomerID, Title, FirstName, LastName, ContactEmail, ContactNumber) values (30, 'Mrs', 'Ivie', 'Baytrop', 'ibaytropt@parallels.com', '123');
insert into Customer (CustomerID, Title, FirstName, LastName, ContactEmail, ContactNumber) values (31, 'Rev', 'Ham', 'Cainey', 'hcaineyu@skype.com', '456');
insert into Customer (CustomerID, Title, FirstName, LastName, ContactEmail, ContactNumber) values (32, 'Honorable', 'Indira', 'Blaycock', 'iblaycockv@upenn.edu', '123');
insert into Customer (CustomerID, Title, FirstName, LastName, ContactEmail, ContactNumber) values (33, 'Honorable', 'Boone', 'Goodright', 'bgoodrightw@squarespace.com', '456');
insert into Customer (CustomerID, Title, FirstName, LastName, ContactEmail, ContactNumber) values (34, 'Ms', 'Arty', 'Skippon', 'askipponx@wsj.com', '456');
insert into Customer (CustomerID, Title, FirstName, LastName, ContactEmail, ContactNumber) values (35, 'Honorable', 'Normand', 'Bathoe', 'nbathoey@photobucket.com', '456');
insert into Customer (CustomerID, Title, FirstName, LastName, ContactEmail, ContactNumber) values (36, 'Dr', 'Lissie', 'Arpe', 'larpez@dyndns.org', '123');
insert into Customer (CustomerID, Title, FirstName, LastName, ContactEmail, ContactNumber) values (37, 'Mr', 'Gilligan', 'Bricknell', 'gbricknell10@buzzfeed.com', '123');
insert into Customer (CustomerID, Title, FirstName, LastName, ContactEmail, ContactNumber) values (38, 'Ms', 'Cordelia', 'Fine', 'cfine11@telegraph.co.uk', '123');
insert into Customer (CustomerID, Title, FirstName, LastName, ContactEmail, ContactNumber) values (39, 'Dr', 'Lauryn', 'Davison', 'ldavison12@gmpg.org', '123');
insert into Customer (CustomerID, Title, FirstName, LastName, ContactEmail, ContactNumber) values (40, 'Rev', 'Bernard', 'Clurow', 'bclurow13@gravatar.com', '456');
insert into Customer (CustomerID, Title, FirstName, LastName, ContactEmail, ContactNumber) values (41, 'Ms', 'Carrol', 'Barnwall', 'cbarnwall14@shinystat.com', '456');
insert into Customer (CustomerID, Title, FirstName, LastName, ContactEmail, ContactNumber) values (42, 'Honorable', 'Dorthea', 'Glyne', 'dglyne15@opensource.org', '123');
insert into Customer (CustomerID, Title, FirstName, LastName, ContactEmail, ContactNumber) values (43, 'Honorable', 'Chloe', 'Starsmore', 'cstarsmore16@illinois.edu', '123');
insert into Customer (CustomerID, Title, FirstName, LastName, ContactEmail, ContactNumber) values (44, 'Honorable', 'Nara', 'Feifer', 'nfeifer17@si.edu', '123');
insert into Customer (CustomerID, Title, FirstName, LastName, ContactEmail, ContactNumber) values (45, 'Ms', 'Agna', 'Emloch', 'aemloch18@instagram.com', '123');
insert into Customer (CustomerID, Title, FirstName, LastName, ContactEmail, ContactNumber) values (46, 'Dr', 'Alaric', 'Rozzier', 'arozzier19@dailymotion.com', '456');
insert into Customer (CustomerID, Title, FirstName, LastName, ContactEmail, ContactNumber) values (47, 'Honorable', 'Malynda', 'Sleaford', 'msleaford1a@cdc.gov', '123');
insert into Customer (CustomerID, Title, FirstName, LastName, ContactEmail, ContactNumber) values (48, 'Honorable', 'Francene', 'Avison', 'favison1b@utexas.edu', '123');
insert into Customer (CustomerID, Title, FirstName, LastName, ContactEmail, ContactNumber) values (49, 'Rev', 'Luciano', 'Helversen', 'lhelversen1c@cmu.edu', '456');
insert into Customer (CustomerID, Title, FirstName, LastName, ContactEmail, ContactNumber) values (50, 'Mrs', 'Lorena', 'Ezzell', 'lezzell1d@shop-pro.jp', '123');

insert into CustomerPaymentDetails (PaymentID, CustomerID, PaymentType) values (1, 1, 'a');
insert into CustomerPaymentDetails (PaymentID, CustomerID, PaymentType) values (2, 2, 'g');
insert into CustomerPaymentDetails (PaymentID, CustomerID, PaymentType) values (3, 3, 'v');
insert into CustomerPaymentDetails (PaymentID, CustomerID, PaymentType) values (4, 4, 'q');
insert into CustomerPaymentDetails (PaymentID, CustomerID, PaymentType) values (5, 5, 's');
insert into CustomerPaymentDetails (PaymentID, CustomerID, PaymentType) values (6, 6, 'l');
insert into CustomerPaymentDetails (PaymentID, CustomerID, PaymentType) values (7, 7, 'g');
insert into CustomerPaymentDetails (PaymentID, CustomerID, PaymentType) values (8, 8, 'm');
insert into CustomerPaymentDetails (PaymentID, CustomerID, PaymentType) values (9, 9, 'v');
insert into CustomerPaymentDetails (PaymentID, CustomerID, PaymentType) values (10, 10, 'a');
insert into CustomerPaymentDetails (PaymentID, CustomerID, PaymentType) values (11, 11, 'f');
insert into CustomerPaymentDetails (PaymentID, CustomerID, PaymentType) values (12, 12, 'f');
insert into CustomerPaymentDetails (PaymentID, CustomerID, PaymentType) values (13, 13, 'u');
insert into CustomerPaymentDetails (PaymentID, CustomerID, PaymentType) values (14, 14, 'o');
insert into CustomerPaymentDetails (PaymentID, CustomerID, PaymentType) values (15, 15, 'n');
insert into CustomerPaymentDetails (PaymentID, CustomerID, PaymentType) values (16, 16, 'w');
insert into CustomerPaymentDetails (PaymentID, CustomerID, PaymentType) values (17, 17, 'w');
insert into CustomerPaymentDetails (PaymentID, CustomerID, PaymentType) values (18, 18, 'i');
insert into CustomerPaymentDetails (PaymentID, CustomerID, PaymentType) values (19, 19, 'i');
insert into CustomerPaymentDetails (PaymentID, CustomerID, PaymentType) values (20, 20, 'j');
insert into CustomerPaymentDetails (PaymentID, CustomerID, PaymentType) values (21, 21, 'u');
insert into CustomerPaymentDetails (PaymentID, CustomerID, PaymentType) values (22, 22, 'h');
insert into CustomerPaymentDetails (PaymentID, CustomerID, PaymentType) values (23, 23, 'i');
insert into CustomerPaymentDetails (PaymentID, CustomerID, PaymentType) values (24, 24, 'o');
insert into CustomerPaymentDetails (PaymentID, CustomerID, PaymentType) values (25, 25, 'q');
insert into CustomerPaymentDetails (PaymentID, CustomerID, PaymentType) values (26, 26, 'v');
insert into CustomerPaymentDetails (PaymentID, CustomerID, PaymentType) values (27, 27, 'b');
insert into CustomerPaymentDetails (PaymentID, CustomerID, PaymentType) values (28, 28, 'r');
insert into CustomerPaymentDetails (PaymentID, CustomerID, PaymentType) values (29, 29, 'v');
insert into CustomerPaymentDetails (PaymentID, CustomerID, PaymentType) values (30, 30, 'x');
insert into CustomerPaymentDetails (PaymentID, CustomerID, PaymentType) values (31, 31, 'z');
insert into CustomerPaymentDetails (PaymentID, CustomerID, PaymentType) values (32, 32, 'z');
insert into CustomerPaymentDetails (PaymentID, CustomerID, PaymentType) values (33, 33, 'e');
insert into CustomerPaymentDetails (PaymentID, CustomerID, PaymentType) values (34, 34, 'm');
insert into CustomerPaymentDetails (PaymentID, CustomerID, PaymentType) values (35, 35, 'u');
insert into CustomerPaymentDetails (PaymentID, CustomerID, PaymentType) values (36, 36, 'd');
insert into CustomerPaymentDetails (PaymentID, CustomerID, PaymentType) values (37, 37, 'f');
insert into CustomerPaymentDetails (PaymentID, CustomerID, PaymentType) values (38, 38, 'j');
insert into CustomerPaymentDetails (PaymentID, CustomerID, PaymentType) values (39, 39, 'h');
insert into CustomerPaymentDetails (PaymentID, CustomerID, PaymentType) values (40, 40, 'x');
insert into CustomerPaymentDetails (PaymentID, CustomerID, PaymentType) values (41, 41, 'l');
insert into CustomerPaymentDetails (PaymentID, CustomerID, PaymentType) values (42, 42, 'q');
insert into CustomerPaymentDetails (PaymentID, CustomerID, PaymentType) values (43, 43, 'l');
insert into CustomerPaymentDetails (PaymentID, CustomerID, PaymentType) values (44, 44, 'b');
insert into CustomerPaymentDetails (PaymentID, CustomerID, PaymentType) values (45, 45, 'b');
insert into CustomerPaymentDetails (PaymentID, CustomerID, PaymentType) values (46, 46, 'h');
insert into CustomerPaymentDetails (PaymentID, CustomerID, PaymentType) values (47, 47, 'f');
insert into CustomerPaymentDetails (PaymentID, CustomerID, PaymentType) values (48, 48, 't');
insert into CustomerPaymentDetails (PaymentID, CustomerID, PaymentType) values (49, 49, 'm');
insert into CustomerPaymentDetails (PaymentID, CustomerID, PaymentType) values (50, 50, 'w');

insert into CustomerOrder (CustomerOrderID, employeeId, PaymentID, CustomerID, BranchID, OrderDate, TotalOrderPrice) values (1, 17, 1, 1, 2, '11/27/2017', 311.18);
insert into CustomerOrder (CustomerOrderID, employeeId, PaymentID, CustomerID, BranchID, OrderDate, TotalOrderPrice) values (2, 17, 2, 2, 2, '1/7/2019', 847.72);
insert into CustomerOrder (CustomerOrderID, employeeId, PaymentID, CustomerID, BranchID, OrderDate, TotalOrderPrice) values (3, 25, 3, 3, 5, '7/10/2018', 435.10);
insert into CustomerOrder (CustomerOrderID, employeeId, PaymentID, CustomerID, BranchID, OrderDate, TotalOrderPrice) values (4, 3, 4, 4, 4, '5/1/2018', 324.79);
insert into CustomerOrder (CustomerOrderID, employeeId, PaymentID, CustomerID, BranchID, OrderDate, TotalOrderPrice) values (5, 1, 5, 5, 4, '4/29/2017', 112.49);
insert into CustomerOrder (CustomerOrderID, employeeId, PaymentID, CustomerID, BranchID, OrderDate, TotalOrderPrice) values (6, 25, 6, 6, 5, '5/9/2018', 622.92);
insert into CustomerOrder (CustomerOrderID, employeeId, PaymentID, CustomerID, BranchID, OrderDate, TotalOrderPrice) values (7, 5, 7, 7, 5, '8/27/2017', 934.92);
insert into CustomerOrder (CustomerOrderID, employeeId, PaymentID, CustomerID, BranchID, OrderDate, TotalOrderPrice) values (8, 20, 8, 8, 4, '10/23/2017', 325.22);
insert into CustomerOrder (CustomerOrderID, employeeId, PaymentID, CustomerID, BranchID, OrderDate, TotalOrderPrice) values (9, 29, 9, 9, 4, '8/23/2017', 592.37);
insert into CustomerOrder (CustomerOrderID, employeeId, PaymentID, CustomerID, BranchID, OrderDate, TotalOrderPrice) values (10, 13, 10, 10, 5, '11/12/2018', 877.30);
insert into CustomerOrder (CustomerOrderID, employeeId, PaymentID, CustomerID, BranchID, OrderDate, TotalOrderPrice) values (11, 8, 11, 11, 2, '1/18/2019', 96.21);
insert into CustomerOrder (CustomerOrderID, employeeId, PaymentID, CustomerID, BranchID, OrderDate, TotalOrderPrice) values (12, 9, 12, 12, 1, '5/2/2018', 561.91);
insert into CustomerOrder (CustomerOrderID, employeeId, PaymentID, CustomerID, BranchID, OrderDate, TotalOrderPrice) values (13, 5, 13, 13, 4, '8/26/2018', 215.73);
insert into CustomerOrder (CustomerOrderID, employeeId, PaymentID, CustomerID, BranchID, OrderDate, TotalOrderPrice) values (14, 1, 14, 14, 1, '6/21/2017', 554.45);
insert into CustomerOrder (CustomerOrderID, employeeId, PaymentID, CustomerID, BranchID, OrderDate, TotalOrderPrice) values (15, 5, 15, 15, 5, '1/30/2018', 30.31);
insert into CustomerOrder (CustomerOrderID, employeeId, PaymentID, CustomerID, BranchID, OrderDate, TotalOrderPrice) values (16, 21, 16, 16, 2, '5/5/2017', 185.97);
insert into CustomerOrder (CustomerOrderID, employeeId, PaymentID, CustomerID, BranchID, OrderDate, TotalOrderPrice) values (17, 15, 17, 17, 2, '7/29/2018', 476.21);
insert into CustomerOrder (CustomerOrderID, employeeId, PaymentID, CustomerID, BranchID, OrderDate, TotalOrderPrice) values (18, 5, 18, 18, 2, '10/14/2017', 44.71);
insert into CustomerOrder (CustomerOrderID, employeeId, PaymentID, CustomerID, BranchID, OrderDate, TotalOrderPrice) values (19, 19, 19, 19, 4, '7/26/2017', 812.34);
insert into CustomerOrder (CustomerOrderID, employeeId, PaymentID, CustomerID, BranchID, OrderDate, TotalOrderPrice) values (20, 3, 20, 20, 5, '3/16/2018', 155.47);
insert into CustomerOrder (CustomerOrderID, employeeId, PaymentID, CustomerID, BranchID, OrderDate, TotalOrderPrice) values (21, 15, 21, 21, 2, '9/18/2017', 537.10);
insert into CustomerOrder (CustomerOrderID, employeeId, PaymentID, CustomerID, BranchID, OrderDate, TotalOrderPrice) values (22, 16, 22, 22, 2, '11/9/2018', 69.99);
insert into CustomerOrder (CustomerOrderID, employeeId, PaymentID, CustomerID, BranchID, OrderDate, TotalOrderPrice) values (23, 18, 23, 23, 4, '10/25/2018', 475.54);
insert into CustomerOrder (CustomerOrderID, employeeId, PaymentID, CustomerID, BranchID, OrderDate, TotalOrderPrice) values (24, 28, 24, 24, 3, '10/8/2017', 879.98);
insert into CustomerOrder (CustomerOrderID, employeeId, PaymentID, CustomerID, BranchID, OrderDate, TotalOrderPrice) values (25, 27, 25, 25, 2, '1/15/2018', 513.05);
insert into CustomerOrder (CustomerOrderID, employeeId, PaymentID, CustomerID, BranchID, OrderDate, TotalOrderPrice) values (26, 5, 26, 26, 4, '2/16/2019', 342.24);
insert into CustomerOrder (CustomerOrderID, employeeId, PaymentID, CustomerID, BranchID, OrderDate, TotalOrderPrice) values (27, 22, 27, 27, 5, '8/10/2018', 56.23);
insert into CustomerOrder (CustomerOrderID, employeeId, PaymentID, CustomerID, BranchID, OrderDate, TotalOrderPrice) values (28, 8, 28, 28, 1, '1/29/2019', 44.40);
insert into CustomerOrder (CustomerOrderID, employeeId, PaymentID, CustomerID, BranchID, OrderDate, TotalOrderPrice) values (29, 19, 29, 29, 5, '2/20/2018', 133.21);
insert into CustomerOrder (CustomerOrderID, employeeId, PaymentID, CustomerID, BranchID, OrderDate, TotalOrderPrice) values (30, 8, 30, 30, 5, '6/13/2017', 851.65);
insert into CustomerOrder (CustomerOrderID, employeeId, PaymentID, CustomerID, BranchID, OrderDate, TotalOrderPrice) values (31, 23, 31, 31, 3, '9/14/2018', 472.39);
insert into CustomerOrder (CustomerOrderID, employeeId, PaymentID, CustomerID, BranchID, OrderDate, TotalOrderPrice) values (32, 11, 32, 32, 1, '5/28/2017', 513.69);
insert into CustomerOrder (CustomerOrderID, employeeId, PaymentID, CustomerID, BranchID, OrderDate, TotalOrderPrice) values (33, 22, 33, 33, 1, '7/15/2018', 483.23);
insert into CustomerOrder (CustomerOrderID, employeeId, PaymentID, CustomerID, BranchID, OrderDate, TotalOrderPrice) values (34, 27, 34, 34, 4, '2/3/2019', 589.10);
insert into CustomerOrder (CustomerOrderID, employeeId, PaymentID, CustomerID, BranchID, OrderDate, TotalOrderPrice) values (35, 29, 35, 35, 4, '8/2/2018', 908.15);
insert into CustomerOrder (CustomerOrderID, employeeId, PaymentID, CustomerID, BranchID, OrderDate, TotalOrderPrice) values (36, 24, 36, 36, 4, '4/10/2018', 96.27);
insert into CustomerOrder (CustomerOrderID, employeeId, PaymentID, CustomerID, BranchID, OrderDate, TotalOrderPrice) values (37, 24, 37, 37, 2, '2/8/2018', 268.82);
insert into CustomerOrder (CustomerOrderID, employeeId, PaymentID, CustomerID, BranchID, OrderDate, TotalOrderPrice) values (38, 19, 38, 38, 1, '12/29/2017', 781.28);
insert into CustomerOrder (CustomerOrderID, employeeId, PaymentID, CustomerID, BranchID, OrderDate, TotalOrderPrice) values (39, 10, 39, 39, 4, '6/12/2017', 514.48);
insert into CustomerOrder (CustomerOrderID, employeeId, PaymentID, CustomerID, BranchID, OrderDate, TotalOrderPrice) values (40, 20, 40, 40, 5, '1/25/2019', 968.29);
insert into CustomerOrder (CustomerOrderID, employeeId, PaymentID, CustomerID, BranchID, OrderDate, TotalOrderPrice) values (41, 22, 41, 41, 3, '1/21/2019', 713.41);
insert into CustomerOrder (CustomerOrderID, employeeId, PaymentID, CustomerID, BranchID, OrderDate, TotalOrderPrice) values (42, 6, 42, 42, 5, '9/13/2018', 168.55);
insert into CustomerOrder (CustomerOrderID, employeeId, PaymentID, CustomerID, BranchID, OrderDate, TotalOrderPrice) values (43, 6, 43, 43, 2, '7/8/2018', 504.91);
insert into CustomerOrder (CustomerOrderID, employeeId, PaymentID, CustomerID, BranchID, OrderDate, TotalOrderPrice) values (44, 16, 44, 44, 1, '7/13/2017', 551.64);
insert into CustomerOrder (CustomerOrderID, employeeId, PaymentID, CustomerID, BranchID, OrderDate, TotalOrderPrice) values (45, 27, 45, 45, 2, '8/3/2018', 645.64);
insert into CustomerOrder (CustomerOrderID, employeeId, PaymentID, CustomerID, BranchID, OrderDate, TotalOrderPrice) values (46, 21, 46, 46, 5, '10/20/2017', 212.65);
insert into CustomerOrder (CustomerOrderID, employeeId, PaymentID, CustomerID, BranchID, OrderDate, TotalOrderPrice) values (47, 4, 47, 47, 3, '10/9/2018', 615.99);
insert into CustomerOrder (CustomerOrderID, employeeId, PaymentID, CustomerID, BranchID, OrderDate, TotalOrderPrice) values (48, 6, 48, 48, 3, '12/28/2018', 994.95);
insert into CustomerOrder (CustomerOrderID, employeeId, PaymentID, CustomerID, BranchID, OrderDate, TotalOrderPrice) values (49, 27, 49, 49, 3, '1/26/2019', 831.72);
insert into CustomerOrder (CustomerOrderID, employeeId, PaymentID, CustomerID, BranchID, OrderDate, TotalOrderPrice) values (50, 14, 50, 50, 3, '11/26/2018', 303.07);


insert into CustomerOrderItem (StockID, CustomerOrderD, Quantity) values (1, 1, 13);
insert into CustomerOrderItem (StockID, CustomerOrderD, Quantity) values (2, 2, 19);
insert into CustomerOrderItem (StockID, CustomerOrderD, Quantity) values (3, 3, 11);
insert into CustomerOrderItem (StockID, CustomerOrderD, Quantity) values (4, 4, 2);
insert into CustomerOrderItem (StockID, CustomerOrderD, Quantity) values (5, 5, 2);
insert into CustomerOrderItem (StockID, CustomerOrderD, Quantity) values (6, 6, 9);
insert into CustomerOrderItem (StockID, CustomerOrderD, Quantity) values (7, 7, 13);
insert into CustomerOrderItem (StockID, CustomerOrderD, Quantity) values (8, 8, 1);
insert into CustomerOrderItem (StockID, CustomerOrderD, Quantity) values (9, 9, 7);
insert into CustomerOrderItem (StockID, CustomerOrderD, Quantity) values (10, 10, 20);
insert into CustomerOrderItem (StockID, CustomerOrderD, Quantity) values (11, 11, 12);
insert into CustomerOrderItem (StockID, CustomerOrderD, Quantity) values (12, 12, 7);
insert into CustomerOrderItem (StockID, CustomerOrderD, Quantity) values (13, 13, 1);
insert into CustomerOrderItem (StockID, CustomerOrderD, Quantity) values (14, 14, 12);
insert into CustomerOrderItem (StockID, CustomerOrderD, Quantity) values (15, 15, 1);
insert into CustomerOrderItem (StockID, CustomerOrderD, Quantity) values (16, 16, 19);
insert into CustomerOrderItem (StockID, CustomerOrderD, Quantity) values (17, 17, 15);
insert into CustomerOrderItem (StockID, CustomerOrderD, Quantity) values (18, 18, 18);
insert into CustomerOrderItem (StockID, CustomerOrderD, Quantity) values (19, 19, 16);
insert into CustomerOrderItem (StockID, CustomerOrderD, Quantity) values (20, 20, 16);
insert into CustomerOrderItem (StockID, CustomerOrderD, Quantity) values (21, 21, 18);
insert into CustomerOrderItem (StockID, CustomerOrderD, Quantity) values (22, 22, 17);
insert into CustomerOrderItem (StockID, CustomerOrderD, Quantity) values (23, 23, 11);
insert into CustomerOrderItem (StockID, CustomerOrderD, Quantity) values (24, 24, 11);
insert into CustomerOrderItem (StockID, CustomerOrderD, Quantity) values (25, 25, 5);
insert into CustomerOrderItem (StockID, CustomerOrderD, Quantity) values (26, 26, 4);
insert into CustomerOrderItem (StockID, CustomerOrderD, Quantity) values (27, 27, 6);
insert into CustomerOrderItem (StockID, CustomerOrderD, Quantity) values (28, 28, 7);
insert into CustomerOrderItem (StockID, CustomerOrderD, Quantity) values (29, 29, 3);
insert into CustomerOrderItem (StockID, CustomerOrderD, Quantity) values (30, 30, 6);
insert into CustomerOrderItem (StockID, CustomerOrderD, Quantity) values (31, 31, 7);
insert into CustomerOrderItem (StockID, CustomerOrderD, Quantity) values (32, 32, 9);
insert into CustomerOrderItem (StockID, CustomerOrderD, Quantity) values (33, 33, 6);
insert into CustomerOrderItem (StockID, CustomerOrderD, Quantity) values (34, 34, 5);
insert into CustomerOrderItem (StockID, CustomerOrderD, Quantity) values (35, 35, 20);
insert into CustomerOrderItem (StockID, CustomerOrderD, Quantity) values (36, 36, 17);
insert into CustomerOrderItem (StockID, CustomerOrderD, Quantity) values (37, 37, 15);
insert into CustomerOrderItem (StockID, CustomerOrderD, Quantity) values (38, 38, 8);
insert into CustomerOrderItem (StockID, CustomerOrderD, Quantity) values (39, 39, 4);
insert into CustomerOrderItem (StockID, CustomerOrderD, Quantity) values (40, 40, 18);
insert into CustomerOrderItem (StockID, CustomerOrderD, Quantity) values (41, 41, 13);
insert into CustomerOrderItem (StockID, CustomerOrderD, Quantity) values (42, 42, 4);
insert into CustomerOrderItem (StockID, CustomerOrderD, Quantity) values (43, 43, 12);
insert into CustomerOrderItem (StockID, CustomerOrderD, Quantity) values (44, 44, 1);
insert into CustomerOrderItem (StockID, CustomerOrderD, Quantity) values (45, 45, 19);
insert into CustomerOrderItem (StockID, CustomerOrderD, Quantity) values (46, 46, 12);
insert into CustomerOrderItem (StockID, CustomerOrderD, Quantity) values (47, 47, 6);
insert into CustomerOrderItem (StockID, CustomerOrderD, Quantity) values (48, 48, 20);
insert into CustomerOrderItem (StockID, CustomerOrderD, Quantity) values (49, 49, 10);
insert into CustomerOrderItem (StockID, CustomerOrderD, Quantity) values (50, 50, 1);

insert into SupplierOrder (SupplierOrderID, SupplierID, BranchID, OrderDate, TotalOrderPrice) values (1, 16, 5, '6/8/2018', 1286);
insert into SupplierOrder (SupplierOrderID, SupplierID, BranchID, OrderDate, TotalOrderPrice) values (2, 30, 2, '1/2/2019', 1628);
insert into SupplierOrder (SupplierOrderID, SupplierID, BranchID, OrderDate, TotalOrderPrice) values (3, 80, 4, '10/17/2018', 1390);
insert into SupplierOrder (SupplierOrderID, SupplierID, BranchID, OrderDate, TotalOrderPrice) values (4, 22, 2, '4/5/2018', 265);
insert into SupplierOrder (SupplierOrderID, SupplierID, BranchID, OrderDate, TotalOrderPrice) values (5, 56, 2, '3/11/2019', 1569);
insert into SupplierOrder (SupplierOrderID, SupplierID, BranchID, OrderDate, TotalOrderPrice) values (6, 89, 1, '9/8/2018', 831);
insert into SupplierOrder (SupplierOrderID, SupplierID, BranchID, OrderDate, TotalOrderPrice) values (7, 78, 1, '4/22/2018', 556);
insert into SupplierOrder (SupplierOrderID, SupplierID, BranchID, OrderDate, TotalOrderPrice) values (8, 26, 3, '12/7/2018', 833);
insert into SupplierOrder (SupplierOrderID, SupplierID, BranchID, OrderDate, TotalOrderPrice) values (9, 22, 3, '11/28/2018', 903);
insert into SupplierOrder (SupplierOrderID, SupplierID, BranchID, OrderDate, TotalOrderPrice) values (10, 67, 4, '5/6/2018', 42);
insert into SupplierOrder (SupplierOrderID, SupplierID, BranchID, OrderDate, TotalOrderPrice) values (11, 98, 2, '4/23/2018', 1353);
insert into SupplierOrder (SupplierOrderID, SupplierID, BranchID, OrderDate, TotalOrderPrice) values (12, 26, 2, '5/3/2018', 1436);
insert into SupplierOrder (SupplierOrderID, SupplierID, BranchID, OrderDate, TotalOrderPrice) values (13, 99, 3, '3/18/2019', 2161);
insert into SupplierOrder (SupplierOrderID, SupplierID, BranchID, OrderDate, TotalOrderPrice) values (14, 62, 1, '6/18/2018', 573);
insert into SupplierOrder (SupplierOrderID, SupplierID, BranchID, OrderDate, TotalOrderPrice) values (15, 74, 1, '6/2/2018', 2491);
insert into SupplierOrder (SupplierOrderID, SupplierID, BranchID, OrderDate, TotalOrderPrice) values (16, 45, 3, '9/13/2018', 1624);
insert into SupplierOrder (SupplierOrderID, SupplierID, BranchID, OrderDate, TotalOrderPrice) values (17, 56, 5, '10/8/2018', 2303);
insert into SupplierOrder (SupplierOrderID, SupplierID, BranchID, OrderDate, TotalOrderPrice) values (18, 19, 4, '1/21/2019', 771);
insert into SupplierOrder (SupplierOrderID, SupplierID, BranchID, OrderDate, TotalOrderPrice) values (19, 76, 4, '4/30/2018', 331);
insert into SupplierOrder (SupplierOrderID, SupplierID, BranchID, OrderDate, TotalOrderPrice) values (20, 3, 3, '4/4/2018', 659);
insert into SupplierOrder (SupplierOrderID, SupplierID, BranchID, OrderDate, TotalOrderPrice) values (21, 46, 2, '3/6/2019', 523);
insert into SupplierOrder (SupplierOrderID, SupplierID, BranchID, OrderDate, TotalOrderPrice) values (22, 18, 2, '3/20/2019', 1749);
insert into SupplierOrder (SupplierOrderID, SupplierID, BranchID, OrderDate, TotalOrderPrice) values (23, 53, 3, '6/8/2018', 375);
insert into SupplierOrder (SupplierOrderID, SupplierID, BranchID, OrderDate, TotalOrderPrice) values (24, 10, 3, '2/7/2019', 1975);
insert into SupplierOrder (SupplierOrderID, SupplierID, BranchID, OrderDate, TotalOrderPrice) values (25, 23, 5, '11/10/2018', 1914);
insert into SupplierOrder (SupplierOrderID, SupplierID, BranchID, OrderDate, TotalOrderPrice) values (26, 23, 1, '4/23/2018', 248);
insert into SupplierOrder (SupplierOrderID, SupplierID, BranchID, OrderDate, TotalOrderPrice) values (27, 28, 5, '12/30/2018', 943);
insert into SupplierOrder (SupplierOrderID, SupplierID, BranchID, OrderDate, TotalOrderPrice) values (28, 48, 2, '5/19/2018', 1467);
insert into SupplierOrder (SupplierOrderID, SupplierID, BranchID, OrderDate, TotalOrderPrice) values (29, 37, 5, '4/13/2018', 339);
insert into SupplierOrder (SupplierOrderID, SupplierID, BranchID, OrderDate, TotalOrderPrice) values (30, 24, 5, '4/23/2018', 922);
insert into SupplierOrder (SupplierOrderID, SupplierID, BranchID, OrderDate, TotalOrderPrice) values (31, 63, 3, '10/20/2018', 1952);
insert into SupplierOrder (SupplierOrderID, SupplierID, BranchID, OrderDate, TotalOrderPrice) values (32, 78, 1, '4/30/2018', 2437);
insert into SupplierOrder (SupplierOrderID, SupplierID, BranchID, OrderDate, TotalOrderPrice) values (33, 2, 3, '4/14/2018', 539);
insert into SupplierOrder (SupplierOrderID, SupplierID, BranchID, OrderDate, TotalOrderPrice) values (34, 89, 1, '12/1/2018', 2195);
insert into SupplierOrder (SupplierOrderID, SupplierID, BranchID, OrderDate, TotalOrderPrice) values (35, 85, 1, '5/18/2018', 696);
insert into SupplierOrder (SupplierOrderID, SupplierID, BranchID, OrderDate, TotalOrderPrice) values (36, 7, 4, '12/8/2018', 1557);
insert into SupplierOrder (SupplierOrderID, SupplierID, BranchID, OrderDate, TotalOrderPrice) values (37, 40, 4, '1/26/2019', 211);
insert into SupplierOrder (SupplierOrderID, SupplierID, BranchID, OrderDate, TotalOrderPrice) values (38, 42, 5, '3/2/2019', 1819);
insert into SupplierOrder (SupplierOrderID, SupplierID, BranchID, OrderDate, TotalOrderPrice) values (39, 75, 5, '3/19/2019', 148);
insert into SupplierOrder (SupplierOrderID, SupplierID, BranchID, OrderDate, TotalOrderPrice) values (40, 98, 4, '8/7/2018', 2451);
insert into SupplierOrder (SupplierOrderID, SupplierID, BranchID, OrderDate, TotalOrderPrice) values (41, 9, 1, '9/12/2018', 1239);
insert into SupplierOrder (SupplierOrderID, SupplierID, BranchID, OrderDate, TotalOrderPrice) values (42, 17, 4, '2/1/2019', 345);
insert into SupplierOrder (SupplierOrderID, SupplierID, BranchID, OrderDate, TotalOrderPrice) values (43, 93, 3, '9/7/2018', 114);
insert into SupplierOrder (SupplierOrderID, SupplierID, BranchID, OrderDate, TotalOrderPrice) values (44, 58, 4, '10/25/2018', 503);
insert into SupplierOrder (SupplierOrderID, SupplierID, BranchID, OrderDate, TotalOrderPrice) values (45, 71, 2, '8/21/2018', 476);
insert into SupplierOrder (SupplierOrderID, SupplierID, BranchID, OrderDate, TotalOrderPrice) values (46, 15, 2, '7/31/2018', 1865);
insert into SupplierOrder (SupplierOrderID, SupplierID, BranchID, OrderDate, TotalOrderPrice) values (47, 78, 1, '4/17/2018', 342);
insert into SupplierOrder (SupplierOrderID, SupplierID, BranchID, OrderDate, TotalOrderPrice) values (48, 23, 4, '2/5/2019', 1669);
insert into SupplierOrder (SupplierOrderID, SupplierID, BranchID, OrderDate, TotalOrderPrice) values (49, 46, 4, '11/8/2018', 2394);
insert into SupplierOrder (SupplierOrderID, SupplierID, BranchID, OrderDate, TotalOrderPrice) values (50, 82, 5, '1/18/2019', 1329);

insert into Supplier (SupplierID, Name, ContactEmail, ContactTelephone) values (1, 'Dablist', 'kdono0@weebly.com', 84251185655);
insert into Supplier (SupplierID, Name, ContactEmail, ContactTelephone) values (2, 'Tagopia', 'tsedger1@stumbleupon.com', 19956738377);
insert into Supplier (SupplierID, Name, ContactEmail, ContactTelephone) values (3, 'Babbleblab', 'cortiger2@imageshack.us', 59736779605);
insert into Supplier (SupplierID, Name, ContactEmail, ContactTelephone) values (4, 'Vipe', 'lcussen3@ucoz.ru', 59651781302);
insert into Supplier (SupplierID, Name, ContactEmail, ContactTelephone) values (5, 'Devshare', 'eharcarse4@google.cn', 34778464276);
insert into Supplier (SupplierID, Name, ContactEmail, ContactTelephone) values (6, 'Skinix', 'dmoss5@indiatimes.com', 30888215514);
insert into Supplier (SupplierID, Name, ContactEmail, ContactTelephone) values (7, 'Teklist', 'ldowsett6@dmoz.org', 68539894136);
insert into Supplier (SupplierID, Name, ContactEmail, ContactTelephone) values (8, 'Zoomzone', 'eminnis7@tuttocitta.it', 86840839318);
insert into Supplier (SupplierID, Name, ContactEmail, ContactTelephone) values (9, 'Latz', 'rsheerman8@amazon.com', 76049843948);
insert into Supplier (SupplierID, Name, ContactEmail, ContactTelephone) values (10, 'Yabox', 'arossander9@chron.com', 10966425294);
insert into Supplier (SupplierID, Name, ContactEmail, ContactTelephone) values (11, 'Jatri', 'msoulsbya@prnewswire.com', 26264645489);
insert into Supplier (SupplierID, Name, ContactEmail, ContactTelephone) values (12, 'Eamia', 'hgoneyb@myspace.com', 75394577200);
insert into Supplier (SupplierID, Name, ContactEmail, ContactTelephone) values (13, 'Trudoo', 'rwillougheyc@spiegel.de', 41027785260);
insert into Supplier (SupplierID, Name, ContactEmail, ContactTelephone) values (14, 'Vidoo', 'dpinord@amazon.co.jp', 23552011488);
insert into Supplier (SupplierID, Name, ContactEmail, ContactTelephone) values (15, 'Omba', 'aabramse@dropbox.com', 70269098526);
insert into Supplier (SupplierID, Name, ContactEmail, ContactTelephone) values (16, 'Jaxworks', 'dboulstridgef@freewebs.com', 66270964027);
insert into Supplier (SupplierID, Name, ContactEmail, ContactTelephone) values (17, 'Zoozzy', 'pkiltieg@illinois.edu', 44517406946);
insert into Supplier (SupplierID, Name, ContactEmail, ContactTelephone) values (18, 'Realfire', 'jepdellh@illinois.edu', 81775150902);
insert into Supplier (SupplierID, Name, ContactEmail, ContactTelephone) values (19, 'Voomm', 'sspritti@freewebs.com', 49863666679);
insert into Supplier (SupplierID, Name, ContactEmail, ContactTelephone) values (20, 'Gigashots', 'dlabromj@microsoft.com', 53686909953);
insert into Supplier (SupplierID, Name, ContactEmail, ContactTelephone) values (21, 'Fatz', 'acasbournek@plala.or.jp', 18426270837);
insert into Supplier (SupplierID, Name, ContactEmail, ContactTelephone) values (22, 'Fivespan', 'ageaneyl@lycos.com', 14908789697);
insert into Supplier (SupplierID, Name, ContactEmail, ContactTelephone) values (23, 'Flipopia', 'sschimannm@cbsnews.com', 40488010636);
insert into Supplier (SupplierID, Name, ContactEmail, ContactTelephone) values (24, 'Lazz', 'ystrobandn@princeton.edu', 30291637787);
insert into Supplier (SupplierID, Name, ContactEmail, ContactTelephone) values (25, 'Edgeclub', 'bnevino@engadget.com', 61058512833);
insert into Supplier (SupplierID, Name, ContactEmail, ContactTelephone) values (26, 'Realblab', 'ehanscomep@gmpg.org', 59240313375);
insert into Supplier (SupplierID, Name, ContactEmail, ContactTelephone) values (27, 'Quimba', 'vbeardq@tinypic.com', 17695947247);
insert into Supplier (SupplierID, Name, ContactEmail, ContactTelephone) values (28, 'Minyx', 'wenrightr@usa.gov', 36624383083);
insert into Supplier (SupplierID, Name, ContactEmail, ContactTelephone) values (29, 'Plajo', 'tchallinors@simplemachines.org', 42187764052);
insert into Supplier (SupplierID, Name, ContactEmail, ContactTelephone) values (30, 'Feedspan', 'amingottit@geocities.jp', 34139518891);
insert into Supplier (SupplierID, Name, ContactEmail, ContactTelephone) values (31, 'Demivee', 'cflippiniu@oaic.gov.au', 27397775444);
insert into Supplier (SupplierID, Name, ContactEmail, ContactTelephone) values (32, 'Babbleopia', 'rclaesensv@yelp.com', 86108591380);
insert into Supplier (SupplierID, Name, ContactEmail, ContactTelephone) values (33, 'Aivee', 'jizattw@ed.gov', 81231036943);
insert into Supplier (SupplierID, Name, ContactEmail, ContactTelephone) values (34, 'Browsetype', 'cbamlingx@pcworld.com', 56299322239);
insert into Supplier (SupplierID, Name, ContactEmail, ContactTelephone) values (35, 'Riffpath', 'vashlingy@typepad.com', 63618909441);

insert into SupplierOrderItem (StockID, SupplierOrderID, Quantity) values (1, 14, 9);
insert into SupplierOrderItem (StockID, SupplierOrderID, Quantity) values (2, 10, 9);
insert into SupplierOrderItem (StockID, SupplierOrderID, Quantity) values (3, 17, 1);
insert into SupplierOrderItem (StockID, SupplierOrderID, Quantity) values (4, 2, 7);
insert into SupplierOrderItem (StockID, SupplierOrderID, Quantity) values (5, 20, 11);
insert into SupplierOrderItem (StockID, SupplierOrderID, Quantity) values (6, 34, 1);
insert into SupplierOrderItem (StockID, SupplierOrderID, Quantity) values (7, 4, 5);
insert into SupplierOrderItem (StockID, SupplierOrderID, Quantity) values (8, 14, 14);
insert into SupplierOrderItem (StockID, SupplierOrderID, Quantity) values (9, 50, 18);
insert into SupplierOrderItem (StockID, SupplierOrderID, Quantity) values (10, 33, 19);
insert into SupplierOrderItem (StockID, SupplierOrderID, Quantity) values (11, 29, 1);
insert into SupplierOrderItem (StockID, SupplierOrderID, Quantity) values (12, 43, 8);
insert into SupplierOrderItem (StockID, SupplierOrderID, Quantity) values (13, 42, 18);
insert into SupplierOrderItem (StockID, SupplierOrderID, Quantity) values (14, 15, 3);
insert into SupplierOrderItem (StockID, SupplierOrderID, Quantity) values (15, 18, 7);
insert into SupplierOrderItem (StockID, SupplierOrderID, Quantity) values (16, 44, 3);
insert into SupplierOrderItem (StockID, SupplierOrderID, Quantity) values (17, 16, 13);
insert into SupplierOrderItem (StockID, SupplierOrderID, Quantity) values (18, 38, 19);
insert into SupplierOrderItem (StockID, SupplierOrderID, Quantity) values (19, 34, 1);
insert into SupplierOrderItem (StockID, SupplierOrderID, Quantity) values (20, 36, 12);
insert into SupplierOrderItem (StockID, SupplierOrderID, Quantity) values (21, 50, 12);
insert into SupplierOrderItem (StockID, SupplierOrderID, Quantity) values (22, 15, 9);
insert into SupplierOrderItem (StockID, SupplierOrderID, Quantity) values (23, 14, 13);
insert into SupplierOrderItem (StockID, SupplierOrderID, Quantity) values (24, 14, 20);
insert into SupplierOrderItem (StockID, SupplierOrderID, Quantity) values (25, 5, 15);
insert into SupplierOrderItem (StockID, SupplierOrderID, Quantity) values (26, 46, 14);
insert into SupplierOrderItem (StockID, SupplierOrderID, Quantity) values (27, 23, 17);
insert into SupplierOrderItem (StockID, SupplierOrderID, Quantity) values (28, 32, 8);
insert into SupplierOrderItem (StockID, SupplierOrderID, Quantity) values (29, 16, 3);
insert into SupplierOrderItem (StockID, SupplierOrderID, Quantity) values (30, 14, 4);
insert into SupplierOrderItem (StockID, SupplierOrderID, Quantity) values (31, 40, 9);
insert into SupplierOrderItem (StockID, SupplierOrderID, Quantity) values (32, 2, 9);
insert into SupplierOrderItem (StockID, SupplierOrderID, Quantity) values (33, 22, 18);
insert into SupplierOrderItem (StockID, SupplierOrderID, Quantity) values (34, 34, 7);
insert into SupplierOrderItem (StockID, SupplierOrderID, Quantity) values (35, 8, 16);
insert into SupplierOrderItem (StockID, SupplierOrderID, Quantity) values (36, 43, 12);
insert into SupplierOrderItem (StockID, SupplierOrderID, Quantity) values (37, 17, 14);
insert into SupplierOrderItem (StockID, SupplierOrderID, Quantity) values (38, 23, 5);
insert into SupplierOrderItem (StockID, SupplierOrderID, Quantity) values (39, 9, 11);
insert into SupplierOrderItem (StockID, SupplierOrderID, Quantity) values (40, 42, 11);
insert into SupplierOrderItem (StockID, SupplierOrderID, Quantity) values (41, 19, 8);
insert into SupplierOrderItem (StockID, SupplierOrderID, Quantity) values (42, 6, 8);
insert into SupplierOrderItem (StockID, SupplierOrderID, Quantity) values (43, 34, 2);
insert into SupplierOrderItem (StockID, SupplierOrderID, Quantity) values (44, 37, 10);
insert into SupplierOrderItem (StockID, SupplierOrderID, Quantity) values (45, 19, 10);
insert into SupplierOrderItem (StockID, SupplierOrderID, Quantity) values (46, 33, 16);
insert into SupplierOrderItem (StockID, SupplierOrderID, Quantity) values (47, 40, 6);
insert into SupplierOrderItem (StockID, SupplierOrderID, Quantity) values (48, 2, 16);
insert into SupplierOrderItem (StockID, SupplierOrderID, Quantity) values (49, 27, 14);
insert into SupplierOrderItem (StockID, SupplierOrderID, Quantity) values (50, 49, 11);

insert into Employee (EmployeeID, BranchID, Name) values (1, 1, 'Kippy Bligh');
insert into Employee (EmployeeID, BranchID, Name) values (2, 3, 'Trudie Readhead');
insert into Employee (EmployeeID, BranchID, Name) values (3, 3, 'Skyler Tuckley');
insert into Employee (EmployeeID, BranchID, Name) values (4, 2, 'Isobel Poskitt');
insert into Employee (EmployeeID, BranchID, Name) values (5, 2, 'Nadya Banfield');
insert into Employee (EmployeeID, BranchID, Name) values (6, 3, 'Gale Portlock');
insert into Employee (EmployeeID, BranchID, Name) values (7, 4, 'Ethelbert Titta');
insert into Employee (EmployeeID, BranchID, Name) values (8, 3, 'Maggy Cathery');
insert into Employee (EmployeeID, BranchID, Name) values (9, 3, 'Ethelda Timbs');
insert into Employee (EmployeeID, BranchID, Name) values (10, 2, 'Lem Deegan');
insert into Employee (EmployeeID, BranchID, Name) values (11, 4, 'Garrik Mosten');
insert into Employee (EmployeeID, BranchID, Name) values (12, 4, 'Cliff Bowmer');
insert into Employee (EmployeeID, BranchID, Name) values (13, 1, 'Laughton Castelletto');
insert into Employee (EmployeeID, BranchID, Name) values (14, 3, 'Matteo Holston');
insert into Employee (EmployeeID, BranchID, Name) values (15, 1, 'Tonya Grube');
insert into Employee (EmployeeID, BranchID, Name) values (16, 3, 'Kass Roches');
insert into Employee (EmployeeID, BranchID, Name) values (17, 2, 'Sharyl Constantinou');
insert into Employee (EmployeeID, BranchID, Name) values (18, 5, 'Emyle Currom');
insert into Employee (EmployeeID, BranchID, Name) values (19, 2, 'Niki Berndsen');
insert into Employee (EmployeeID, BranchID, Name) values (20, 2, 'Gus Sondland');
insert into Employee (EmployeeID, BranchID, Name) values (21, 1, 'Melisande Lovitt');
insert into Employee (EmployeeID, BranchID, Name) values (22, 5, 'Tammie Growy');
insert into Employee (EmployeeID, BranchID, Name) values (23, 5, 'Mercie Bemrose');
insert into Employee (EmployeeID, BranchID, Name) values (24, 2, 'Buffy Gumary');
insert into Employee (EmployeeID, BranchID, Name) values (25, 2, 'Astra Jankowski');
insert into Employee (EmployeeID, BranchID, Name) values (26, 3, 'Ibby Huthart');
insert into Employee (EmployeeID, BranchID, Name) values (27, 4, 'Flory Kerner');
insert into Employee (EmployeeID, BranchID, Name) values (28, 4, 'Ole Diglin');
insert into Employee (EmployeeID, BranchID, Name) values (29, 5, 'Idell Slatten');
insert into Employee (EmployeeID, BranchID, Name) values (30, 4, 'Rosabelle Dankersley');
insert into Employee (EmployeeID, BranchID, Name) values (31, 4, 'Hedwiga McCloughlin');
insert into Employee (EmployeeID, BranchID, Name) values (32, 4, 'Pen Brokenshaw');
insert into Employee (EmployeeID, BranchID, Name) values (33, 3, 'Milzie Laffranconi');
insert into Employee (EmployeeID, BranchID, Name) values (34, 1, 'Astra Chivers');
insert into Employee (EmployeeID, BranchID, Name) values (35, 2, 'Winonah Fincher');
insert into Employee (EmployeeID, BranchID, Name) values (36, 4, 'Myrtia Adamiak');
insert into Employee (EmployeeID, BranchID, Name) values (37, 3, 'Bank Del Castello');
insert into Employee (EmployeeID, BranchID, Name) values (38, 5, 'Terrijo Terbeck');
insert into Employee (EmployeeID, BranchID, Name) values (39, 5, 'Anders Rickwood');
insert into Employee (EmployeeID, BranchID, Name) values (40, 5, 'Fanchon Yoskowitz');
insert into Employee (EmployeeID, BranchID, Name) values (41, 2, 'Karlis Rase');
insert into Employee (EmployeeID, BranchID, Name) values (42, 1, 'Ashby Coey');
insert into Employee (EmployeeID, BranchID, Name) values (43, 1, 'Hughie Turney');
insert into Employee (EmployeeID, BranchID, Name) values (44, 1, 'Edik Panas');
insert into Employee (EmployeeID, BranchID, Name) values (45, 2, 'Carlota Sandiland');
insert into Employee (EmployeeID, BranchID, Name) values (46, 2, 'Kimmy Nolte');
insert into Employee (EmployeeID, BranchID, Name) values (47, 5, 'Noelani Skelhorne');
insert into Employee (EmployeeID, BranchID, Name) values (48, 1, 'Kirstyn Bilson');
insert into Employee (EmployeeID, BranchID, Name) values (49, 3, 'Rosemarie Nanninini');
insert into Employee (EmployeeID, BranchID, Name) values (50, 3, 'Matthiew Huckell');

insert into Branch (BranchID, AddressLineOne, AddressLineTwo, Postcode) values (1, 'Laurel', '72863 Fulton Place', 'sk1 2hd');
insert into Branch (BranchID, AddressLineOne, AddressLineTwo, Postcode) values (2, 'Laurel', '36 Rockefeller Alley', 'sk1 3pj');
insert into Branch (BranchID, AddressLineOne, AddressLineTwo, Postcode) values (3, 'Del Sol', '977 Birchwood Drive', 'sk7 4pd');
insert into Branch (BranchID, AddressLineOne, AddressLineTwo, Postcode) values (4, 'Doe Crossing', '0 Westport Place', 'sk4 2lm');
insert into Branch (BranchID, AddressLineOne, AddressLineTwo, Postcode) values (5, 'Glendale', '45873 Loftsgordon Crossing', 'wa15 5bd');


insert into StockItem (StockID, SupplierID, Price, Name, Quantity) values (1, 20, 2486.60, 'Flowdesk', 17);
insert into StockItem (StockID, SupplierID, Price, Name, Quantity) values (2, 18, 2442.43, 'Zamit', 11);
insert into StockItem (StockID, SupplierID, Price, Name, Quantity) values (3, 14, 1620.16, 'Zontrax', 9);
insert into StockItem (StockID, SupplierID, Price, Name, Quantity) values (4, 20, 2080.72, 'Tresom', 4);
insert into StockItem (StockID, SupplierID, Price, Name, Quantity) values (5, 15, 213.33, 'Zamit', 19);
insert into StockItem (StockID, SupplierID, Price, Name, Quantity) values (6, 13, 1503.23, 'Sub-Ex', 11);
insert into StockItem (StockID, SupplierID, Price, Name, Quantity) values (7, 29, 1724.78, 'Pannier', 9);
insert into StockItem (StockID, SupplierID, Price, Name, Quantity) values (8, 26, 529.90, 'Sonsing', 19);
insert into StockItem (StockID, SupplierID, Price, Name, Quantity) values (9, 11, 2141.13, 'Konklux', 8);
insert into StockItem (StockID, SupplierID, Price, Name, Quantity) values (10, 4, 510.60, 'Toughjoyfax', 11);
insert into StockItem (StockID, SupplierID, Price, Name, Quantity) values (11, 8, 2048.68, 'Pannier', 11);
insert into StockItem (StockID, SupplierID, Price, Name, Quantity) values (12, 12, 1447.14, 'Alphazap', 10);
insert into StockItem (StockID, SupplierID, Price, Name, Quantity) values (13, 3, 1947.49, 'Stim', 2);
insert into StockItem (StockID, SupplierID, Price, Name, Quantity) values (14, 31, 1211.88, 'Holdlamis', 2);
insert into StockItem (StockID, SupplierID, Price, Name, Quantity) values (15, 4, 1794.33, 'Konklab', 12);
insert into StockItem (StockID, SupplierID, Price, Name, Quantity) values (16, 28, 809.05, 'Rank', 8);
insert into StockItem (StockID, SupplierID, Price, Name, Quantity) values (17, 5, 2369.28, 'Konklab', 15);
insert into StockItem (StockID, SupplierID, Price, Name, Quantity) values (18, 26, 407.23, 'Transcof', 20);
insert into StockItem (StockID, SupplierID, Price, Name, Quantity) values (19, 29, 658.80, 'Subin', 19);
insert into StockItem (StockID, SupplierID, Price, Name, Quantity) values (20, 30, 1017.70, 'Solarbreeze', 12);
insert into StockItem (StockID, SupplierID, Price, Name, Quantity) values (21, 9, 1346.27, 'Lotstring', 1);
insert into StockItem (StockID, SupplierID, Price, Name, Quantity) values (22, 10, 1716.90, 'Holdlamis', 16);
insert into StockItem (StockID, SupplierID, Price, Name, Quantity) values (23, 26, 1918.16, 'Pannier', 19);
insert into StockItem (StockID, SupplierID, Price, Name, Quantity) values (24, 33, 1479.55, 'Flowdesk', 9);
insert into StockItem (StockID, SupplierID, Price, Name, Quantity) values (25, 14, 1614.75, 'Andalax', 16);
insert into StockItem (StockID, SupplierID, Price, Name, Quantity) values (26, 11, 1798.11, 'Cardguard', 11);
insert into StockItem (StockID, SupplierID, Price, Name, Quantity) values (27, 3, 1357.69, 'Greenlam', 15);
insert into StockItem (StockID, SupplierID, Price, Name, Quantity) values (28, 24, 2029.60, 'Alpha', 14);
insert into StockItem (StockID, SupplierID, Price, Name, Quantity) values (29, 34, 454.87, 'Alpha', 3);
insert into StockItem (StockID, SupplierID, Price, Name, Quantity) values (30, 2, 1565.30, 'Prodder', 12);
insert into StockItem (StockID, SupplierID, Price, Name, Quantity) values (31, 17, 488.92, 'Domainer', 1);
insert into StockItem (StockID, SupplierID, Price, Name, Quantity) values (32, 8, 673.39, 'Andalax', 17);
insert into StockItem (StockID, SupplierID, Price, Name, Quantity) values (33, 28, 1990.72, 'Viva', 3);
insert into StockItem (StockID, SupplierID, Price, Name, Quantity) values (34, 34, 1878.34, 'Tin', 1);
insert into StockItem (StockID, SupplierID, Price, Name, Quantity) values (35, 12, 45.24, 'Hatity', 10);
insert into StockItem (StockID, SupplierID, Price, Name, Quantity) values (36, 29, 2200.99, 'Zamit', 5);
insert into StockItem (StockID, SupplierID, Price, Name, Quantity) values (37, 5, 1702.15, 'Tresom', 8);
insert into StockItem (StockID, SupplierID, Price, Name, Quantity) values (38, 8, 1666.23, 'Y-find', 13);
insert into StockItem (StockID, SupplierID, Price, Name, Quantity) values (39, 35, 1696.09, 'Stringtough', 9);
insert into StockItem (StockID, SupplierID, Price, Name, Quantity) values (40, 16, 55.10, 'Span', 2);
insert into StockItem (StockID, SupplierID, Price, Name, Quantity) values (41, 6, 40.79, 'Cardify', 17);
insert into StockItem (StockID, SupplierID, Price, Name, Quantity) values (42, 5, 1197.90, 'Konklux', 13);
insert into StockItem (StockID, SupplierID, Price, Name, Quantity) values (43, 17, 1200.71, 'Biodex', 10);
insert into StockItem (StockID, SupplierID, Price, Name, Quantity) values (44, 13, 937.52, 'Y-find', 11);
insert into StockItem (StockID, SupplierID, Price, Name, Quantity) values (45, 26, 2019.14, 'Voyatouch', 13);
insert into StockItem (StockID, SupplierID, Price, Name, Quantity) values (46, 20, 2429.10, 'Trippledex', 12);
insert into StockItem (StockID, SupplierID, Price, Name, Quantity) values (47, 17, 2151.47, 'Andalax', 6);
insert into StockItem (StockID, SupplierID, Price, Name, Quantity) values (48, 27, 1791.97, 'Duobam', 20);
insert into StockItem (StockID, SupplierID, Price, Name, Quantity) values (49, 26, 130.79, 'Transcof', 7);
insert into StockItem (StockID, SupplierID, Price, Name, Quantity) values (50, 25, 1455.28, 'Bamity', 7);

insert into BranchStockItem (BranchID, StockID) values (4, 17);
insert into BranchStockItem (BranchID, StockID) values (5, 43);
insert into BranchStockItem (BranchID, StockID) values (2, 32);
insert into BranchStockItem (BranchID, StockID) values (5, 48);
insert into BranchStockItem (BranchID, StockID) values (2, 27);
insert into BranchStockItem (BranchID, StockID) values (5, 11);
insert into BranchStockItem (BranchID, StockID) values (3, 22);
insert into BranchStockItem (BranchID, StockID) values (1, 43);
insert into BranchStockItem (BranchID, StockID) values (3, 5);
insert into BranchStockItem (BranchID, StockID) values (1, 45);
insert into BranchStockItem (BranchID, StockID) values (4, 19);
insert into BranchStockItem (BranchID, StockID) values (5, 15);
insert into BranchStockItem (BranchID, StockID) values (2, 44);
insert into BranchStockItem (BranchID, StockID) values (5, 35);
insert into BranchStockItem (BranchID, StockID) values (1, 50);
insert into BranchStockItem (BranchID, StockID) values (3, 24);
insert into BranchStockItem (BranchID, StockID) values (4, 40);
insert into BranchStockItem (BranchID, StockID) values (1, 38);
insert into BranchStockItem (BranchID, StockID) values (4, 19);
insert into BranchStockItem (BranchID, StockID) values (4, 26);
insert into BranchStockItem (BranchID, StockID) values (3, 7);
insert into BranchStockItem (BranchID, StockID) values (5, 20);
insert into BranchStockItem (BranchID, StockID) values (5, 7);
insert into BranchStockItem (BranchID, StockID) values (5, 29);
insert into BranchStockItem (BranchID, StockID) values (5, 25);
insert into BranchStockItem (BranchID, StockID) values (5, 35);
insert into BranchStockItem (BranchID, StockID) values (4, 42);
insert into BranchStockItem (BranchID, StockID) values (5, 22);
insert into BranchStockItem (BranchID, StockID) values (4, 39);
insert into BranchStockItem (BranchID, StockID) values (1, 3);
insert into BranchStockItem (BranchID, StockID) values (5, 23);
insert into BranchStockItem (BranchID, StockID) values (5, 43);
insert into BranchStockItem (BranchID, StockID) values (1, 34);
insert into BranchStockItem (BranchID, StockID) values (5, 25);
insert into BranchStockItem (BranchID, StockID) values (3, 18);
insert into BranchStockItem (BranchID, StockID) values (3, 34);
insert into BranchStockItem (BranchID, StockID) values (1, 5);
insert into BranchStockItem (BranchID, StockID) values (1, 31);
insert into BranchStockItem (BranchID, StockID) values (2, 32);
insert into BranchStockItem (BranchID, StockID) values (5, 47);
insert into BranchStockItem (BranchID, StockID) values (5, 36);
insert into BranchStockItem (BranchID, StockID) values (4, 3);
insert into BranchStockItem (BranchID, StockID) values (4, 5);
insert into BranchStockItem (BranchID, StockID) values (2, 32);
insert into BranchStockItem (BranchID, StockID) values (3, 21);
insert into BranchStockItem (BranchID, StockID) values (5, 4);
insert into BranchStockItem (BranchID, StockID) values (2, 39);
insert into BranchStockItem (BranchID, StockID) values (5, 43);
insert into BranchStockItem (BranchID, StockID) values (5, 40);
insert into BranchStockItem (BranchID, StockID) values (3, 49);
